[<<main-context>>, nil]	*heap_alloc@main[i8* %call4]	[<<main-context>>, nil]	</home/kidus/NUMATyping/clang-tool/cclyzer++/input/numaed_vector.bc>:main:%2
[<<main-context>>, nil]	*typed_heap_alloc@main[%class.MyVector* %call4]	[<<main-context>>, nil]	</home/kidus/NUMATyping/clang-tool/cclyzer++/input/numaed_vector.bc>:main:%2
[<<main-context>>, nil]	*heap_alloc@main[i8* %call4]	[<<main-context>>, nil]	</home/kidus/NUMATyping/clang-tool/cclyzer++/input/numaed_vector.bc>:main:%call4
[<<main-context>>, nil]	*typed_heap_alloc@main[%class.MyVector* %call4]	[<<main-context>>, nil]	</home/kidus/NUMATyping/clang-tool/cclyzer++/input/numaed_vector.bc>:main:%call4
[<<main-context>>, nil]	*stack_alloc@main[%class.MyVector** %v3]	[<<main-context>>, nil]	</home/kidus/NUMATyping/clang-tool/cclyzer++/input/numaed_vector.bc>:main:%v3
[<<main-context>>, nil]	*stack_alloc@main[%class.numa.0** %v]	[<<main-context>>, nil]	</home/kidus/NUMATyping/clang-tool/cclyzer++/input/numaed_vector.bc>:main:%v
[<<main-context>>, nil]	*stack_alloc@main[i32* %ehselector.slot]	[<<main-context>>, nil]	</home/kidus/NUMATyping/clang-tool/cclyzer++/input/numaed_vector.bc>:main:%ehselector.slot
[<<main-context>>, nil]	*stack_alloc@main[i8** %exn.slot]	[<<main-context>>, nil]	</home/kidus/NUMATyping/clang-tool/cclyzer++/input/numaed_vector.bc>:main:%exn.slot
[<<main-context>>, nil]	*stack_alloc@main[%class.numa** %v2]	[<<main-context>>, nil]	</home/kidus/NUMATyping/clang-tool/cclyzer++/input/numaed_vector.bc>:main:%v2
[<<main-context>>, nil]	*stack_alloc@_ZN4numaIiLi3E13NumaAllocatorvEnwEm[i64* %sz.addr]	[<<main-context>>, nil]	</home/kidus/NUMATyping/clang-tool/cclyzer++/input/numaed_vector.bc>:_ZN4numaIiLi3E13NumaAllocatorvEnwEm:%sz.addr
[<<main-context>>, nil]	*stack_alloc@_ZN4numaIiLi3E13NumaAllocatorvEnwEm[%class.NumaAllocator* %alloc]	[<<main-context>>, nil]	</home/kidus/NUMATyping/clang-tool/cclyzer++/input/numaed_vector.bc>:_ZN4numaIiLi3E13NumaAllocatorvEnwEm:%alloc
[<<main-context>>, nil]	*stack_alloc@_ZN4numaIiLi3E13NumaAllocatorvEC2Ev[%class.numa** %this.addr]	[<<main-context>>, nil]	</home/kidus/NUMATyping/clang-tool/cclyzer++/input/numaed_vector.bc>:_ZN4numaIiLi3E13NumaAllocatorvEC2Ev:%this.addr
[<<main-context>>, nil]	*stack_alloc@_ZN4numaIiLi3E13NumaAllocatorvEC2Ev[i32* %data.addr.i]	[<<main-context>>, nil]	</home/kidus/NUMATyping/clang-tool/cclyzer++/input/numaed_vector.bc>:_ZN4numaIiLi3E13NumaAllocatorvEC2Ev:%data.addr.i
[<<main-context>>, nil]	*stack_alloc@_ZN4numaIiLi3E13NumaAllocatorvEC2Ev[%class.numa** %this.addr.i]	[<<main-context>>, nil]	</home/kidus/NUMATyping/clang-tool/cclyzer++/input/numaed_vector.bc>:_ZN4numaIiLi3E13NumaAllocatorvEC2Ev:%this.addr.i
[<<main-context>>, nil]	*stack_alloc@_ZN4numaI8MyVectorLi3E13NumaAllocatorvEnwEm[%class.NumaAllocator.2* %alloc]	[<<main-context>>, nil]	</home/kidus/NUMATyping/clang-tool/cclyzer++/input/numaed_vector.bc>:_ZN4numaI8MyVectorLi3E13NumaAllocatorvEnwEm:%alloc
[<<main-context>>, nil]	*stack_alloc@_ZN4numaI8MyVectorLi3E13NumaAllocatorvEnwEm[i64* %count.addr]	[<<main-context>>, nil]	</home/kidus/NUMATyping/clang-tool/cclyzer++/input/numaed_vector.bc>:_ZN4numaI8MyVectorLi3E13NumaAllocatorvEnwEm:%count.addr
[<<main-context>>, nil]	*stack_alloc@_ZN4numaI8MyVectorLi3E13NumaAllocatorvEC2Eii[i32** %alias2]	[<<main-context>>, nil]	</home/kidus/NUMATyping/clang-tool/cclyzer++/input/numaed_vector.bc>:_ZN4numaI8MyVectorLi3E13NumaAllocatorvEC2Eii:%alias2
[<<main-context>>, nil]	*stack_alloc@_ZN4numaI8MyVectorLi3E13NumaAllocatorvEC2Eii[i32** %alias]	[<<main-context>>, nil]	</home/kidus/NUMATyping/clang-tool/cclyzer++/input/numaed_vector.bc>:_ZN4numaI8MyVectorLi3E13NumaAllocatorvEC2Eii:%alias
[<<main-context>>, nil]	*stack_alloc@_ZN4numaI8MyVectorLi3E13NumaAllocatorvEC2Eii[i32* %val.addr]	[<<main-context>>, nil]	</home/kidus/NUMATyping/clang-tool/cclyzer++/input/numaed_vector.bc>:_ZN4numaI8MyVectorLi3E13NumaAllocatorvEC2Eii:%val.addr
[<<main-context>>, nil]	*stack_alloc@_ZN4numaI8MyVectorLi3E13NumaAllocatorvEC2Eii[i32* %sz.addr]	[<<main-context>>, nil]	</home/kidus/NUMATyping/clang-tool/cclyzer++/input/numaed_vector.bc>:_ZN4numaI8MyVectorLi3E13NumaAllocatorvEC2Eii:%sz.addr
[<<main-context>>, nil]	*stack_alloc@_ZN4numaI8MyVectorLi3E13NumaAllocatorvEC2Eii[%class.numa.0** %this.addr]	[<<main-context>>, nil]	</home/kidus/NUMATyping/clang-tool/cclyzer++/input/numaed_vector.bc>:_ZN4numaI8MyVectorLi3E13NumaAllocatorvEC2Eii:%this.addr
[<<main-context>>, nil]	*heap_alloc@_ZN8MyVectorC2Eii[i8* %call]	[<<main-context>>, nil]	</home/kidus/NUMATyping/clang-tool/cclyzer++/input/numaed_vector.bc>:_ZN8MyVectorC2Eii:%6
[<<main-context>>, nil]	*heap_alloc@_ZN8MyVectorC2Eii[i8* %call][0]	[<<main-context>>, nil]	</home/kidus/NUMATyping/clang-tool/cclyzer++/input/numaed_vector.bc>:_ZN8MyVectorC2Eii:%6
[<<main-context>>, nil]	*typed_heap_alloc@_ZN8MyVectorC2Eii[i32* %call]	[<<main-context>>, nil]	</home/kidus/NUMATyping/clang-tool/cclyzer++/input/numaed_vector.bc>:_ZN8MyVectorC2Eii:%6
[<<main-context>>, nil]	*typed_heap_alloc@_ZN8MyVectorC2Eii[i32* %call][0]	[<<main-context>>, nil]	</home/kidus/NUMATyping/clang-tool/cclyzer++/input/numaed_vector.bc>:_ZN8MyVectorC2Eii:%6
[<<main-context>>, nil]	*heap_alloc@main[i8* %call4]	[<<main-context>>, nil]	</home/kidus/NUMATyping/clang-tool/cclyzer++/input/numaed_vector.bc>:_ZN8MyVectorC2Eii:%my_data2
[<<main-context>>, nil]	*heap_alloc@main[i8* %call4][0]	[<<main-context>>, nil]	</home/kidus/NUMATyping/clang-tool/cclyzer++/input/numaed_vector.bc>:_ZN8MyVectorC2Eii:%my_data2
[<<main-context>>, nil]	*typed_heap_alloc@main[%class.MyVector* %call4]	[<<main-context>>, nil]	</home/kidus/NUMATyping/clang-tool/cclyzer++/input/numaed_vector.bc>:_ZN8MyVectorC2Eii:%my_data2
[<<main-context>>, nil]	*typed_heap_alloc@main[%class.MyVector* %call4][0]	[<<main-context>>, nil]	</home/kidus/NUMATyping/clang-tool/cclyzer++/input/numaed_vector.bc>:_ZN8MyVectorC2Eii:%my_data2
[<<main-context>>, nil]	*typed_heap_alloc@main[%class.MyVector* %call4][0].?/0	[<<main-context>>, nil]	</home/kidus/NUMATyping/clang-tool/cclyzer++/input/numaed_vector.bc>:_ZN8MyVectorC2Eii:%my_data2
[<<main-context>>, nil]	*heap_alloc@main[i8* %call4]	[<<main-context>>, nil]	</home/kidus/NUMATyping/clang-tool/cclyzer++/input/numaed_vector.bc>:_ZN8MyVectorC2Eii:%my_data
[<<main-context>>, nil]	*heap_alloc@main[i8* %call4][0]	[<<main-context>>, nil]	</home/kidus/NUMATyping/clang-tool/cclyzer++/input/numaed_vector.bc>:_ZN8MyVectorC2Eii:%my_data
[<<main-context>>, nil]	*typed_heap_alloc@main[%class.MyVector* %call4]	[<<main-context>>, nil]	</home/kidus/NUMATyping/clang-tool/cclyzer++/input/numaed_vector.bc>:_ZN8MyVectorC2Eii:%my_data
[<<main-context>>, nil]	*typed_heap_alloc@main[%class.MyVector* %call4][0]	[<<main-context>>, nil]	</home/kidus/NUMATyping/clang-tool/cclyzer++/input/numaed_vector.bc>:_ZN8MyVectorC2Eii:%my_data
[<<main-context>>, nil]	*typed_heap_alloc@main[%class.MyVector* %call4][0].?/0	[<<main-context>>, nil]	</home/kidus/NUMATyping/clang-tool/cclyzer++/input/numaed_vector.bc>:_ZN8MyVectorC2Eii:%my_data
[<<main-context>>, nil]	*heap_alloc@_ZN8MyVectorC2Eii[i8* %call]	[<<main-context>>, nil]	</home/kidus/NUMATyping/clang-tool/cclyzer++/input/numaed_vector.bc>:_ZN8MyVectorC2Eii:%5
[<<main-context>>, nil]	*typed_heap_alloc@_ZN8MyVectorC2Eii[i32* %call]	[<<main-context>>, nil]	</home/kidus/NUMATyping/clang-tool/cclyzer++/input/numaed_vector.bc>:_ZN8MyVectorC2Eii:%5
[<<main-context>>, nil]	*heap_alloc@_ZN8MyVectorC2Eii[i8* %call]	[<<main-context>>, nil]	</home/kidus/NUMATyping/clang-tool/cclyzer++/input/numaed_vector.bc>:_ZN8MyVectorC2Eii:%call
[<<main-context>>, nil]	*typed_heap_alloc@_ZN8MyVectorC2Eii[i32* %call]	[<<main-context>>, nil]	</home/kidus/NUMATyping/clang-tool/cclyzer++/input/numaed_vector.bc>:_ZN8MyVectorC2Eii:%call
[<<main-context>>, nil]	*heap_alloc@_ZN8MyVectorC2Eii[i8* %call]	[<<main-context>>, nil]	</home/kidus/NUMATyping/clang-tool/cclyzer++/input/numaed_vector.bc>:_ZN8MyVectorC2Eii:%7
[<<main-context>>, nil]	*heap_alloc@_ZN8MyVectorC2Eii[i8* %call][0]	[<<main-context>>, nil]	</home/kidus/NUMATyping/clang-tool/cclyzer++/input/numaed_vector.bc>:_ZN8MyVectorC2Eii:%7
[<<main-context>>, nil]	*typed_heap_alloc@_ZN8MyVectorC2Eii[i32* %call]	[<<main-context>>, nil]	</home/kidus/NUMATyping/clang-tool/cclyzer++/input/numaed_vector.bc>:_ZN8MyVectorC2Eii:%7
[<<main-context>>, nil]	*typed_heap_alloc@_ZN8MyVectorC2Eii[i32* %call][0]	[<<main-context>>, nil]	</home/kidus/NUMATyping/clang-tool/cclyzer++/input/numaed_vector.bc>:_ZN8MyVectorC2Eii:%7
[<<main-context>>, nil]	*stack_alloc@_ZN8MyVectorC2Eii[i32** %alias2]	[<<main-context>>, nil]	</home/kidus/NUMATyping/clang-tool/cclyzer++/input/numaed_vector.bc>:_ZN8MyVectorC2Eii:%alias2
[<<main-context>>, nil]	*stack_alloc@_ZN8MyVectorC2Eii[i32** %alias]	[<<main-context>>, nil]	</home/kidus/NUMATyping/clang-tool/cclyzer++/input/numaed_vector.bc>:_ZN8MyVectorC2Eii:%alias
[<<main-context>>, nil]	*stack_alloc@_ZN8MyVectorC2Eii[i32* %val.addr]	[<<main-context>>, nil]	</home/kidus/NUMATyping/clang-tool/cclyzer++/input/numaed_vector.bc>:_ZN8MyVectorC2Eii:%val.addr
[<<main-context>>, nil]	*heap_alloc@main[i8* %call4]	[<<main-context>>, nil]	</home/kidus/NUMATyping/clang-tool/cclyzer++/input/numaed_vector.bc>:_ZN8MyVectorC2Eii:%this1
[<<main-context>>, nil]	*heap_alloc@main[i8* %call4][0]	[<<main-context>>, nil]	</home/kidus/NUMATyping/clang-tool/cclyzer++/input/numaed_vector.bc>:_ZN8MyVectorC2Eii:%this1
[<<main-context>>, nil]	*typed_heap_alloc@main[%class.MyVector* %call4]	[<<main-context>>, nil]	</home/kidus/NUMATyping/clang-tool/cclyzer++/input/numaed_vector.bc>:_ZN8MyVectorC2Eii:%this1
[<<main-context>>, nil]	*typed_heap_alloc@main[%class.MyVector* %call4][0]	[<<main-context>>, nil]	</home/kidus/NUMATyping/clang-tool/cclyzer++/input/numaed_vector.bc>:_ZN8MyVectorC2Eii:%this1
[<<main-context>>, nil]	*typed_heap_alloc@main[%class.MyVector* %call4][0].?/0	[<<main-context>>, nil]	</home/kidus/NUMATyping/clang-tool/cclyzer++/input/numaed_vector.bc>:_ZN8MyVectorC2Eii:%this1
[<<main-context>>, nil]	*stack_alloc@_ZN8MyVectorC2Eii[i32* %sz.addr]	[<<main-context>>, nil]	</home/kidus/NUMATyping/clang-tool/cclyzer++/input/numaed_vector.bc>:_ZN8MyVectorC2Eii:%sz.addr
[<<main-context>>, nil]	*stack_alloc@_ZN8MyVectorC2Eii[%class.MyVector** %this.addr]	[<<main-context>>, nil]	</home/kidus/NUMATyping/clang-tool/cclyzer++/input/numaed_vector.bc>:_ZN8MyVectorC2Eii:%this.addr
[<<main-context>>, nil]	*heap_alloc@main[i8* %call4]	[<<main-context>>, nil]	</home/kidus/NUMATyping/clang-tool/cclyzer++/input/numaed_vector.bc>:_ZN8MyVectorC2Eii:%my_data3
[<<main-context>>, nil]	*heap_alloc@main[i8* %call4][0]	[<<main-context>>, nil]	</home/kidus/NUMATyping/clang-tool/cclyzer++/input/numaed_vector.bc>:_ZN8MyVectorC2Eii:%my_data3
[<<main-context>>, nil]	*typed_heap_alloc@main[%class.MyVector* %call4]	[<<main-context>>, nil]	</home/kidus/NUMATyping/clang-tool/cclyzer++/input/numaed_vector.bc>:_ZN8MyVectorC2Eii:%my_data3
[<<main-context>>, nil]	*typed_heap_alloc@main[%class.MyVector* %call4][0]	[<<main-context>>, nil]	</home/kidus/NUMATyping/clang-tool/cclyzer++/input/numaed_vector.bc>:_ZN8MyVectorC2Eii:%my_data3
[<<main-context>>, nil]	*typed_heap_alloc@main[%class.MyVector* %call4][0].?/0	[<<main-context>>, nil]	</home/kidus/NUMATyping/clang-tool/cclyzer++/input/numaed_vector.bc>:_ZN8MyVectorC2Eii:%my_data3
[<<main-context>>, nil]	*heap_alloc@main[i8* %call4]	[<<main-context>>, nil]	</home/kidus/NUMATyping/clang-tool/cclyzer++/input/numaed_vector.bc>:_ZN8MyVectorC2Eii:%this
[<<main-context>>, nil]	*typed_heap_alloc@main[%class.MyVector* %call4]	[<<main-context>>, nil]	</home/kidus/NUMATyping/clang-tool/cclyzer++/input/numaed_vector.bc>:_ZN8MyVectorC2Eii:%this
[<<main-context>>, nil]	*stack_alloc@_ZN13NumaAllocatorIiLi3EEC2Ev[%class.NumaAllocator** %this.addr]	[<<main-context>>, nil]	</home/kidus/NUMATyping/clang-tool/cclyzer++/input/numaed_vector.bc>:_ZN13NumaAllocatorIiLi3EEC2Ev:%this.addr
[<<main-context>>, nil]	*stack_alloc@_ZN4numaIiLi3E13NumaAllocatorvEnwEm[%class.NumaAllocator* %alloc]	[<<main-context>>, nil]	</home/kidus/NUMATyping/clang-tool/cclyzer++/input/numaed_vector.bc>:_ZN13NumaAllocatorIiLi3EEC2Ev:%this1
[<<main-context>>, nil]	*stack_alloc@_ZN4numaIiLi3E13NumaAllocatorvEnwEm[%class.NumaAllocator* %alloc][0]	[<<main-context>>, nil]	</home/kidus/NUMATyping/clang-tool/cclyzer++/input/numaed_vector.bc>:_ZN13NumaAllocatorIiLi3EEC2Ev:%this1
[<<main-context>>, nil]	*stack_alloc@_ZN4numaIiLi3E13NumaAllocatorvEnwEm[%class.NumaAllocator* %alloc][0].?/0	[<<main-context>>, nil]	</home/kidus/NUMATyping/clang-tool/cclyzer++/input/numaed_vector.bc>:_ZN13NumaAllocatorIiLi3EEC2Ev:%this1
[<<main-context>>, nil]	*stack_alloc@_ZN4numaIiLi3E13NumaAllocatorvEnwEm[%class.NumaAllocator* %alloc]	[<<main-context>>, nil]	</home/kidus/NUMATyping/clang-tool/cclyzer++/input/numaed_vector.bc>:_ZN13NumaAllocatorIiLi3EEC2Ev:%this
[<<main-context>>, nil]	*heap_alloc@_ZN13NumaAllocatorIiLi3EE8allocateEm[i8* %exception]	[<<main-context>>, nil]	</home/kidus/NUMATyping/clang-tool/cclyzer++/input/numaed_vector.bc>:_ZN13NumaAllocatorIiLi3EE8allocateEm:%exception
[<<main-context>>, nil]	*typed_heap_alloc@_ZN13NumaAllocatorIiLi3EE8allocateEm[%"class.std::bad_alloc"* %exception]	[<<main-context>>, nil]	</home/kidus/NUMATyping/clang-tool/cclyzer++/input/numaed_vector.bc>:_ZN13NumaAllocatorIiLi3EE8allocateEm:%exception
[<<main-context>>, nil]	*typed_heap_alloc@_ZN13NumaAllocatorIiLi3EE8allocateEm[i32 (...)*** %exception]	[<<main-context>>, nil]	</home/kidus/NUMATyping/clang-tool/cclyzer++/input/numaed_vector.bc>:_ZN13NumaAllocatorIiLi3EE8allocateEm:%exception
[<<main-context>>, nil]	*typed_heap_alloc@_ZN13NumaAllocatorIiLi3EE8allocateEm[%"class.std::exception"* %exception]	[<<main-context>>, nil]	</home/kidus/NUMATyping/clang-tool/cclyzer++/input/numaed_vector.bc>:_ZN13NumaAllocatorIiLi3EE8allocateEm:%exception
[<<main-context>>, nil]	*stack_alloc@_ZN4numaIiLi3E13NumaAllocatorvEnwEm[%class.NumaAllocator* %alloc]	[<<main-context>>, nil]	</home/kidus/NUMATyping/clang-tool/cclyzer++/input/numaed_vector.bc>:_ZN13NumaAllocatorIiLi3EE8allocateEm:%this1
[<<main-context>>, nil]	*stack_alloc@_ZN4numaIiLi3E13NumaAllocatorvEnwEm[%class.NumaAllocator* %alloc][0]	[<<main-context>>, nil]	</home/kidus/NUMATyping/clang-tool/cclyzer++/input/numaed_vector.bc>:_ZN13NumaAllocatorIiLi3EE8allocateEm:%this1
[<<main-context>>, nil]	*stack_alloc@_ZN4numaIiLi3E13NumaAllocatorvEnwEm[%class.NumaAllocator* %alloc][0].?/0	[<<main-context>>, nil]	</home/kidus/NUMATyping/clang-tool/cclyzer++/input/numaed_vector.bc>:_ZN13NumaAllocatorIiLi3EE8allocateEm:%this1
[<<main-context>>, nil]	*heap_alloc@_ZN13NumaAllocatorIiLi3EE8allocateEm[i8* %exception]	[<<main-context>>, nil]	</home/kidus/NUMATyping/clang-tool/cclyzer++/input/numaed_vector.bc>:_ZN13NumaAllocatorIiLi3EE8allocateEm:%2
[<<main-context>>, nil]	*typed_heap_alloc@_ZN13NumaAllocatorIiLi3EE8allocateEm[%"class.std::bad_alloc"* %exception]	[<<main-context>>, nil]	</home/kidus/NUMATyping/clang-tool/cclyzer++/input/numaed_vector.bc>:_ZN13NumaAllocatorIiLi3EE8allocateEm:%2
[<<main-context>>, nil]	*typed_heap_alloc@_ZN13NumaAllocatorIiLi3EE8allocateEm[i32 (...)*** %exception]	[<<main-context>>, nil]	</home/kidus/NUMATyping/clang-tool/cclyzer++/input/numaed_vector.bc>:_ZN13NumaAllocatorIiLi3EE8allocateEm:%2
[<<main-context>>, nil]	*typed_heap_alloc@_ZN13NumaAllocatorIiLi3EE8allocateEm[%"class.std::exception"* %exception]	[<<main-context>>, nil]	</home/kidus/NUMATyping/clang-tool/cclyzer++/input/numaed_vector.bc>:_ZN13NumaAllocatorIiLi3EE8allocateEm:%2
[<<main-context>>, nil]	*stack_alloc@_ZN13NumaAllocatorIiLi3EE8allocateEm[i64* %n.addr]	[<<main-context>>, nil]	</home/kidus/NUMATyping/clang-tool/cclyzer++/input/numaed_vector.bc>:_ZN13NumaAllocatorIiLi3EE8allocateEm:%n.addr
[<<main-context>>, nil]	*stack_alloc@_ZN13NumaAllocatorIiLi3EE8allocateEm[%class.NumaAllocator** %this.addr]	[<<main-context>>, nil]	</home/kidus/NUMATyping/clang-tool/cclyzer++/input/numaed_vector.bc>:_ZN13NumaAllocatorIiLi3EE8allocateEm:%this.addr
[<<main-context>>, nil]	*stack_alloc@_ZN13NumaAllocatorIiLi3EE8allocateEm[i8** %p]	[<<main-context>>, nil]	</home/kidus/NUMATyping/clang-tool/cclyzer++/input/numaed_vector.bc>:_ZN13NumaAllocatorIiLi3EE8allocateEm:%p
[<<main-context>>, nil]	*stack_alloc@_ZN4numaIiLi3E13NumaAllocatorvEnwEm[%class.NumaAllocator* %alloc]	[<<main-context>>, nil]	</home/kidus/NUMATyping/clang-tool/cclyzer++/input/numaed_vector.bc>:_ZN13NumaAllocatorIiLi3EE8allocateEm:%this
nil	*null*	[<<main-context>>, nil]	</home/kidus/NUMATyping/clang-tool/cclyzer++/input/numaed_vector.bc>:_ZN4numaIPiLi3E13NumaAllocatorvEC2Ev:%0
[<<main-context>>, nil]	*stack_alloc@_ZN4numaIPiLi3E13NumaAllocatorvEC2Ev[%class.numa.1** %this.addr]	[<<main-context>>, nil]	</home/kidus/NUMATyping/clang-tool/cclyzer++/input/numaed_vector.bc>:_ZN4numaIPiLi3E13NumaAllocatorvEC2Ev:%this.addr
[<<main-context>>, nil]	*stack_alloc@_ZN4numaIPiLi3E13NumaAllocatorvEC2Ev[i32** %data.addr.i]	[<<main-context>>, nil]	</home/kidus/NUMATyping/clang-tool/cclyzer++/input/numaed_vector.bc>:_ZN4numaIPiLi3E13NumaAllocatorvEC2Ev:%data.addr.i
[<<main-context>>, nil]	*stack_alloc@_ZN4numaIPiLi3E13NumaAllocatorvEC2Ev[%class.numa.1** %this.addr.i]	[<<main-context>>, nil]	</home/kidus/NUMATyping/clang-tool/cclyzer++/input/numaed_vector.bc>:_ZN4numaIPiLi3E13NumaAllocatorvEC2Ev:%this.addr.i
[<<main-context>>, nil]	*stack_alloc@_ZN4numaI8MyVectorLi3E13NumaAllocatorvEnwEm[%class.NumaAllocator.2* %alloc]	[<<main-context>>, nil]	</home/kidus/NUMATyping/clang-tool/cclyzer++/input/numaed_vector.bc>:_ZN13NumaAllocatorI8MyVectorLi3EEC2Ev:%this1
[<<main-context>>, nil]	*stack_alloc@_ZN4numaI8MyVectorLi3E13NumaAllocatorvEnwEm[%class.NumaAllocator.2* %alloc][0]	[<<main-context>>, nil]	</home/kidus/NUMATyping/clang-tool/cclyzer++/input/numaed_vector.bc>:_ZN13NumaAllocatorI8MyVectorLi3EEC2Ev:%this1
[<<main-context>>, nil]	*stack_alloc@_ZN4numaI8MyVectorLi3E13NumaAllocatorvEnwEm[%class.NumaAllocator.2* %alloc][0].?/0	[<<main-context>>, nil]	</home/kidus/NUMATyping/clang-tool/cclyzer++/input/numaed_vector.bc>:_ZN13NumaAllocatorI8MyVectorLi3EEC2Ev:%this1
[<<main-context>>, nil]	*stack_alloc@_ZN13NumaAllocatorI8MyVectorLi3EEC2Ev[%class.NumaAllocator.2** %this.addr]	[<<main-context>>, nil]	</home/kidus/NUMATyping/clang-tool/cclyzer++/input/numaed_vector.bc>:_ZN13NumaAllocatorI8MyVectorLi3EEC2Ev:%this.addr
[<<main-context>>, nil]	*stack_alloc@_ZN4numaI8MyVectorLi3E13NumaAllocatorvEnwEm[%class.NumaAllocator.2* %alloc]	[<<main-context>>, nil]	</home/kidus/NUMATyping/clang-tool/cclyzer++/input/numaed_vector.bc>:_ZN13NumaAllocatorI8MyVectorLi3EEC2Ev:%this
[<<main-context>>, nil]	*heap_alloc@_ZN13NumaAllocatorI8MyVectorLi3EE8allocateEm[i8* %exception]	[<<main-context>>, nil]	</home/kidus/NUMATyping/clang-tool/cclyzer++/input/numaed_vector.bc>:_ZN13NumaAllocatorI8MyVectorLi3EE8allocateEm:%exception
[<<main-context>>, nil]	*typed_heap_alloc@_ZN13NumaAllocatorI8MyVectorLi3EE8allocateEm[%"class.std::bad_alloc"* %exception]	[<<main-context>>, nil]	</home/kidus/NUMATyping/clang-tool/cclyzer++/input/numaed_vector.bc>:_ZN13NumaAllocatorI8MyVectorLi3EE8allocateEm:%exception
[<<main-context>>, nil]	*typed_heap_alloc@_ZN13NumaAllocatorI8MyVectorLi3EE8allocateEm[i32 (...)*** %exception]	[<<main-context>>, nil]	</home/kidus/NUMATyping/clang-tool/cclyzer++/input/numaed_vector.bc>:_ZN13NumaAllocatorI8MyVectorLi3EE8allocateEm:%exception
[<<main-context>>, nil]	*typed_heap_alloc@_ZN13NumaAllocatorI8MyVectorLi3EE8allocateEm[%"class.std::exception"* %exception]	[<<main-context>>, nil]	</home/kidus/NUMATyping/clang-tool/cclyzer++/input/numaed_vector.bc>:_ZN13NumaAllocatorI8MyVectorLi3EE8allocateEm:%exception
[<<main-context>>, nil]	*heap_alloc@_ZN13NumaAllocatorI8MyVectorLi3EE8allocateEm[i8* %exception]	[<<main-context>>, nil]	</home/kidus/NUMATyping/clang-tool/cclyzer++/input/numaed_vector.bc>:_ZN13NumaAllocatorI8MyVectorLi3EE8allocateEm:%2
[<<main-context>>, nil]	*typed_heap_alloc@_ZN13NumaAllocatorI8MyVectorLi3EE8allocateEm[%"class.std::bad_alloc"* %exception]	[<<main-context>>, nil]	</home/kidus/NUMATyping/clang-tool/cclyzer++/input/numaed_vector.bc>:_ZN13NumaAllocatorI8MyVectorLi3EE8allocateEm:%2
[<<main-context>>, nil]	*typed_heap_alloc@_ZN13NumaAllocatorI8MyVectorLi3EE8allocateEm[i32 (...)*** %exception]	[<<main-context>>, nil]	</home/kidus/NUMATyping/clang-tool/cclyzer++/input/numaed_vector.bc>:_ZN13NumaAllocatorI8MyVectorLi3EE8allocateEm:%2
[<<main-context>>, nil]	*typed_heap_alloc@_ZN13NumaAllocatorI8MyVectorLi3EE8allocateEm[%"class.std::exception"* %exception]	[<<main-context>>, nil]	</home/kidus/NUMATyping/clang-tool/cclyzer++/input/numaed_vector.bc>:_ZN13NumaAllocatorI8MyVectorLi3EE8allocateEm:%2
[<<main-context>>, nil]	*stack_alloc@_ZN13NumaAllocatorI8MyVectorLi3EE8allocateEm[i8** %p]	[<<main-context>>, nil]	</home/kidus/NUMATyping/clang-tool/cclyzer++/input/numaed_vector.bc>:_ZN13NumaAllocatorI8MyVectorLi3EE8allocateEm:%p
[<<main-context>>, nil]	*stack_alloc@_ZN4numaI8MyVectorLi3E13NumaAllocatorvEnwEm[%class.NumaAllocator.2* %alloc]	[<<main-context>>, nil]	</home/kidus/NUMATyping/clang-tool/cclyzer++/input/numaed_vector.bc>:_ZN13NumaAllocatorI8MyVectorLi3EE8allocateEm:%this1
[<<main-context>>, nil]	*stack_alloc@_ZN4numaI8MyVectorLi3E13NumaAllocatorvEnwEm[%class.NumaAllocator.2* %alloc][0]	[<<main-context>>, nil]	</home/kidus/NUMATyping/clang-tool/cclyzer++/input/numaed_vector.bc>:_ZN13NumaAllocatorI8MyVectorLi3EE8allocateEm:%this1
[<<main-context>>, nil]	*stack_alloc@_ZN4numaI8MyVectorLi3E13NumaAllocatorvEnwEm[%class.NumaAllocator.2* %alloc][0].?/0	[<<main-context>>, nil]	</home/kidus/NUMATyping/clang-tool/cclyzer++/input/numaed_vector.bc>:_ZN13NumaAllocatorI8MyVectorLi3EE8allocateEm:%this1
[<<main-context>>, nil]	*stack_alloc@_ZN13NumaAllocatorI8MyVectorLi3EE8allocateEm[i64* %n.addr]	[<<main-context>>, nil]	</home/kidus/NUMATyping/clang-tool/cclyzer++/input/numaed_vector.bc>:_ZN13NumaAllocatorI8MyVectorLi3EE8allocateEm:%n.addr
[<<main-context>>, nil]	*stack_alloc@_ZN13NumaAllocatorI8MyVectorLi3EE8allocateEm[%class.NumaAllocator.2** %this.addr]	[<<main-context>>, nil]	</home/kidus/NUMATyping/clang-tool/cclyzer++/input/numaed_vector.bc>:_ZN13NumaAllocatorI8MyVectorLi3EE8allocateEm:%this.addr
[<<main-context>>, nil]	*stack_alloc@_ZN4numaI8MyVectorLi3E13NumaAllocatorvEnwEm[%class.NumaAllocator.2* %alloc]	[<<main-context>>, nil]	</home/kidus/NUMATyping/clang-tool/cclyzer++/input/numaed_vector.bc>:_ZN13NumaAllocatorI8MyVectorLi3EE8allocateEm:%this
[</home/kidus/NUMATyping/clang-tool/cclyzer++/input/numaed_vector.bc>:_ZN4numaI8MyVectorLi3E13NumaAllocatorvEC2Eii:14, [<<main-context>>, nil]]	*stack_alloc@_ZN4numaIPiLi3E13NumaAllocatorvEcvRS0_Ev[%class.numa.1** %this.addr]	[</home/kidus/NUMATyping/clang-tool/cclyzer++/input/numaed_vector.bc>:_ZN4numaI8MyVectorLi3E13NumaAllocatorvEC2Eii:14, [<<main-context>>, nil]]	</home/kidus/NUMATyping/clang-tool/cclyzer++/input/numaed_vector.bc>:_ZN4numaIPiLi3E13NumaAllocatorvEcvRS0_Ev:%this.addr
[</home/kidus/NUMATyping/clang-tool/cclyzer++/input/numaed_vector.bc>:_ZN4numaI8MyVectorLi3E13NumaAllocatorvEC2Eii:18, [<<main-context>>, nil]]	*stack_alloc@_ZN4numaIPiLi3E13NumaAllocatorvEcvRS0_Ev[%class.numa.1** %this.addr]	[</home/kidus/NUMATyping/clang-tool/cclyzer++/input/numaed_vector.bc>:_ZN4numaI8MyVectorLi3E13NumaAllocatorvEC2Eii:18, [<<main-context>>, nil]]	</home/kidus/NUMATyping/clang-tool/cclyzer++/input/numaed_vector.bc>:_ZN4numaIPiLi3E13NumaAllocatorvEcvRS0_Ev:%this.addr
[<<main-context>>, nil]	*heap_alloc@_ZN13NumaAllocatorIiLi3EE8allocateEm[i8* %exception]	[</home/kidus/NUMATyping/clang-tool/cclyzer++/input/numaed_vector.bc>:_ZN13NumaAllocatorIiLi3EE8allocateEm:15, [<<main-context>>, nil]]	</home/kidus/NUMATyping/clang-tool/cclyzer++/input/numaed_vector.bc>:_ZNSt9bad_allocC2Ev:%1
[<<main-context>>, nil]	*heap_alloc@_ZN13NumaAllocatorIiLi3EE8allocateEm[i8* %exception][0]	[</home/kidus/NUMATyping/clang-tool/cclyzer++/input/numaed_vector.bc>:_ZN13NumaAllocatorIiLi3EE8allocateEm:15, [<<main-context>>, nil]]	</home/kidus/NUMATyping/clang-tool/cclyzer++/input/numaed_vector.bc>:_ZNSt9bad_allocC2Ev:%1
[<<main-context>>, nil]	*typed_heap_alloc@_ZN13NumaAllocatorIiLi3EE8allocateEm[%"class.std::bad_alloc"* %exception]	[</home/kidus/NUMATyping/clang-tool/cclyzer++/input/numaed_vector.bc>:_ZN13NumaAllocatorIiLi3EE8allocateEm:15, [<<main-context>>, nil]]	</home/kidus/NUMATyping/clang-tool/cclyzer++/input/numaed_vector.bc>:_ZNSt9bad_allocC2Ev:%1
[<<main-context>>, nil]	*typed_heap_alloc@_ZN13NumaAllocatorIiLi3EE8allocateEm[%"class.std::bad_alloc"* %exception][0]	[</home/kidus/NUMATyping/clang-tool/cclyzer++/input/numaed_vector.bc>:_ZN13NumaAllocatorIiLi3EE8allocateEm:15, [<<main-context>>, nil]]	</home/kidus/NUMATyping/clang-tool/cclyzer++/input/numaed_vector.bc>:_ZNSt9bad_allocC2Ev:%1
[<<main-context>>, nil]	*typed_heap_alloc@_ZN13NumaAllocatorIiLi3EE8allocateEm[%"class.std::bad_alloc"* %exception][0].?/0	[</home/kidus/NUMATyping/clang-tool/cclyzer++/input/numaed_vector.bc>:_ZN13NumaAllocatorIiLi3EE8allocateEm:15, [<<main-context>>, nil]]	</home/kidus/NUMATyping/clang-tool/cclyzer++/input/numaed_vector.bc>:_ZNSt9bad_allocC2Ev:%1
[<<main-context>>, nil]	*typed_heap_alloc@_ZN13NumaAllocatorIiLi3EE8allocateEm[i32 (...)*** %exception]	[</home/kidus/NUMATyping/clang-tool/cclyzer++/input/numaed_vector.bc>:_ZN13NumaAllocatorIiLi3EE8allocateEm:15, [<<main-context>>, nil]]	</home/kidus/NUMATyping/clang-tool/cclyzer++/input/numaed_vector.bc>:_ZNSt9bad_allocC2Ev:%1
[<<main-context>>, nil]	*typed_heap_alloc@_ZN13NumaAllocatorIiLi3EE8allocateEm[%"class.std::exception"* %exception]	[</home/kidus/NUMATyping/clang-tool/cclyzer++/input/numaed_vector.bc>:_ZN13NumaAllocatorIiLi3EE8allocateEm:15, [<<main-context>>, nil]]	</home/kidus/NUMATyping/clang-tool/cclyzer++/input/numaed_vector.bc>:_ZNSt9bad_allocC2Ev:%1
[<<main-context>>, nil]	*typed_heap_alloc@_ZN13NumaAllocatorIiLi3EE8allocateEm[%"class.std::bad_alloc"* %exception][0].?/0.?/0	[</home/kidus/NUMATyping/clang-tool/cclyzer++/input/numaed_vector.bc>:_ZN13NumaAllocatorIiLi3EE8allocateEm:15, [<<main-context>>, nil]]	</home/kidus/NUMATyping/clang-tool/cclyzer++/input/numaed_vector.bc>:_ZNSt9bad_allocC2Ev:%1
[<<main-context>>, nil]	*typed_heap_alloc@_ZN13NumaAllocatorIiLi3EE8allocateEm[i32 (...)*** %exception][0]	[</home/kidus/NUMATyping/clang-tool/cclyzer++/input/numaed_vector.bc>:_ZN13NumaAllocatorIiLi3EE8allocateEm:15, [<<main-context>>, nil]]	</home/kidus/NUMATyping/clang-tool/cclyzer++/input/numaed_vector.bc>:_ZNSt9bad_allocC2Ev:%1
[<<main-context>>, nil]	*typed_heap_alloc@_ZN13NumaAllocatorIiLi3EE8allocateEm[%"class.std::exception"* %exception][0]	[</home/kidus/NUMATyping/clang-tool/cclyzer++/input/numaed_vector.bc>:_ZN13NumaAllocatorIiLi3EE8allocateEm:15, [<<main-context>>, nil]]	</home/kidus/NUMATyping/clang-tool/cclyzer++/input/numaed_vector.bc>:_ZNSt9bad_allocC2Ev:%1
[<<main-context>>, nil]	*typed_heap_alloc@_ZN13NumaAllocatorIiLi3EE8allocateEm[%"class.std::exception"* %exception][0].?/0	[</home/kidus/NUMATyping/clang-tool/cclyzer++/input/numaed_vector.bc>:_ZN13NumaAllocatorIiLi3EE8allocateEm:15, [<<main-context>>, nil]]	</home/kidus/NUMATyping/clang-tool/cclyzer++/input/numaed_vector.bc>:_ZNSt9bad_allocC2Ev:%1
[<<main-context>>, nil]	*heap_alloc@_ZN13NumaAllocatorIiLi3EE8allocateEm[i8* %exception]	[</home/kidus/NUMATyping/clang-tool/cclyzer++/input/numaed_vector.bc>:_ZN13NumaAllocatorIiLi3EE8allocateEm:15, [<<main-context>>, nil]]	</home/kidus/NUMATyping/clang-tool/cclyzer++/input/numaed_vector.bc>:_ZNSt9bad_allocC2Ev:%0
[<<main-context>>, nil]	*heap_alloc@_ZN13NumaAllocatorIiLi3EE8allocateEm[i8* %exception][0]	[</home/kidus/NUMATyping/clang-tool/cclyzer++/input/numaed_vector.bc>:_ZN13NumaAllocatorIiLi3EE8allocateEm:15, [<<main-context>>, nil]]	</home/kidus/NUMATyping/clang-tool/cclyzer++/input/numaed_vector.bc>:_ZNSt9bad_allocC2Ev:%0
[<<main-context>>, nil]	*typed_heap_alloc@_ZN13NumaAllocatorIiLi3EE8allocateEm[%"class.std::bad_alloc"* %exception]	[</home/kidus/NUMATyping/clang-tool/cclyzer++/input/numaed_vector.bc>:_ZN13NumaAllocatorIiLi3EE8allocateEm:15, [<<main-context>>, nil]]	</home/kidus/NUMATyping/clang-tool/cclyzer++/input/numaed_vector.bc>:_ZNSt9bad_allocC2Ev:%0
[<<main-context>>, nil]	*typed_heap_alloc@_ZN13NumaAllocatorIiLi3EE8allocateEm[%"class.std::bad_alloc"* %exception][0]	[</home/kidus/NUMATyping/clang-tool/cclyzer++/input/numaed_vector.bc>:_ZN13NumaAllocatorIiLi3EE8allocateEm:15, [<<main-context>>, nil]]	</home/kidus/NUMATyping/clang-tool/cclyzer++/input/numaed_vector.bc>:_ZNSt9bad_allocC2Ev:%0
[<<main-context>>, nil]	*typed_heap_alloc@_ZN13NumaAllocatorIiLi3EE8allocateEm[%"class.std::bad_alloc"* %exception][0].?/0	[</home/kidus/NUMATyping/clang-tool/cclyzer++/input/numaed_vector.bc>:_ZN13NumaAllocatorIiLi3EE8allocateEm:15, [<<main-context>>, nil]]	</home/kidus/NUMATyping/clang-tool/cclyzer++/input/numaed_vector.bc>:_ZNSt9bad_allocC2Ev:%0
[<<main-context>>, nil]	*typed_heap_alloc@_ZN13NumaAllocatorIiLi3EE8allocateEm[i32 (...)*** %exception]	[</home/kidus/NUMATyping/clang-tool/cclyzer++/input/numaed_vector.bc>:_ZN13NumaAllocatorIiLi3EE8allocateEm:15, [<<main-context>>, nil]]	</home/kidus/NUMATyping/clang-tool/cclyzer++/input/numaed_vector.bc>:_ZNSt9bad_allocC2Ev:%0
[<<main-context>>, nil]	*typed_heap_alloc@_ZN13NumaAllocatorIiLi3EE8allocateEm[%"class.std::exception"* %exception]	[</home/kidus/NUMATyping/clang-tool/cclyzer++/input/numaed_vector.bc>:_ZN13NumaAllocatorIiLi3EE8allocateEm:15, [<<main-context>>, nil]]	</home/kidus/NUMATyping/clang-tool/cclyzer++/input/numaed_vector.bc>:_ZNSt9bad_allocC2Ev:%0
[<<main-context>>, nil]	*typed_heap_alloc@_ZN13NumaAllocatorIiLi3EE8allocateEm[%"class.std::bad_alloc"* %exception][0].?/0.?/0	[</home/kidus/NUMATyping/clang-tool/cclyzer++/input/numaed_vector.bc>:_ZN13NumaAllocatorIiLi3EE8allocateEm:15, [<<main-context>>, nil]]	</home/kidus/NUMATyping/clang-tool/cclyzer++/input/numaed_vector.bc>:_ZNSt9bad_allocC2Ev:%0
[<<main-context>>, nil]	*typed_heap_alloc@_ZN13NumaAllocatorIiLi3EE8allocateEm[i32 (...)*** %exception][0]	[</home/kidus/NUMATyping/clang-tool/cclyzer++/input/numaed_vector.bc>:_ZN13NumaAllocatorIiLi3EE8allocateEm:15, [<<main-context>>, nil]]	</home/kidus/NUMATyping/clang-tool/cclyzer++/input/numaed_vector.bc>:_ZNSt9bad_allocC2Ev:%0
[<<main-context>>, nil]	*typed_heap_alloc@_ZN13NumaAllocatorIiLi3EE8allocateEm[%"class.std::exception"* %exception][0]	[</home/kidus/NUMATyping/clang-tool/cclyzer++/input/numaed_vector.bc>:_ZN13NumaAllocatorIiLi3EE8allocateEm:15, [<<main-context>>, nil]]	</home/kidus/NUMATyping/clang-tool/cclyzer++/input/numaed_vector.bc>:_ZNSt9bad_allocC2Ev:%0
[<<main-context>>, nil]	*typed_heap_alloc@_ZN13NumaAllocatorIiLi3EE8allocateEm[%"class.std::exception"* %exception][0].?/0	[</home/kidus/NUMATyping/clang-tool/cclyzer++/input/numaed_vector.bc>:_ZN13NumaAllocatorIiLi3EE8allocateEm:15, [<<main-context>>, nil]]	</home/kidus/NUMATyping/clang-tool/cclyzer++/input/numaed_vector.bc>:_ZNSt9bad_allocC2Ev:%0
[<<main-context>>, nil]	*heap_alloc@_ZN13NumaAllocatorIiLi3EE8allocateEm[i8* %exception]	[</home/kidus/NUMATyping/clang-tool/cclyzer++/input/numaed_vector.bc>:_ZN13NumaAllocatorIiLi3EE8allocateEm:15, [<<main-context>>, nil]]	</home/kidus/NUMATyping/clang-tool/cclyzer++/input/numaed_vector.bc>:_ZNSt9bad_allocC2Ev:%this1
[<<main-context>>, nil]	*heap_alloc@_ZN13NumaAllocatorIiLi3EE8allocateEm[i8* %exception][0]	[</home/kidus/NUMATyping/clang-tool/cclyzer++/input/numaed_vector.bc>:_ZN13NumaAllocatorIiLi3EE8allocateEm:15, [<<main-context>>, nil]]	</home/kidus/NUMATyping/clang-tool/cclyzer++/input/numaed_vector.bc>:_ZNSt9bad_allocC2Ev:%this1
[<<main-context>>, nil]	*typed_heap_alloc@_ZN13NumaAllocatorIiLi3EE8allocateEm[%"class.std::bad_alloc"* %exception]	[</home/kidus/NUMATyping/clang-tool/cclyzer++/input/numaed_vector.bc>:_ZN13NumaAllocatorIiLi3EE8allocateEm:15, [<<main-context>>, nil]]	</home/kidus/NUMATyping/clang-tool/cclyzer++/input/numaed_vector.bc>:_ZNSt9bad_allocC2Ev:%this1
[<<main-context>>, nil]	*typed_heap_alloc@_ZN13NumaAllocatorIiLi3EE8allocateEm[%"class.std::bad_alloc"* %exception][0]	[</home/kidus/NUMATyping/clang-tool/cclyzer++/input/numaed_vector.bc>:_ZN13NumaAllocatorIiLi3EE8allocateEm:15, [<<main-context>>, nil]]	</home/kidus/NUMATyping/clang-tool/cclyzer++/input/numaed_vector.bc>:_ZNSt9bad_allocC2Ev:%this1
[<<main-context>>, nil]	*typed_heap_alloc@_ZN13NumaAllocatorIiLi3EE8allocateEm[%"class.std::bad_alloc"* %exception][0].?/0	[</home/kidus/NUMATyping/clang-tool/cclyzer++/input/numaed_vector.bc>:_ZN13NumaAllocatorIiLi3EE8allocateEm:15, [<<main-context>>, nil]]	</home/kidus/NUMATyping/clang-tool/cclyzer++/input/numaed_vector.bc>:_ZNSt9bad_allocC2Ev:%this1
[<<main-context>>, nil]	*typed_heap_alloc@_ZN13NumaAllocatorIiLi3EE8allocateEm[i32 (...)*** %exception]	[</home/kidus/NUMATyping/clang-tool/cclyzer++/input/numaed_vector.bc>:_ZN13NumaAllocatorIiLi3EE8allocateEm:15, [<<main-context>>, nil]]	</home/kidus/NUMATyping/clang-tool/cclyzer++/input/numaed_vector.bc>:_ZNSt9bad_allocC2Ev:%this1
[<<main-context>>, nil]	*typed_heap_alloc@_ZN13NumaAllocatorIiLi3EE8allocateEm[%"class.std::exception"* %exception]	[</home/kidus/NUMATyping/clang-tool/cclyzer++/input/numaed_vector.bc>:_ZN13NumaAllocatorIiLi3EE8allocateEm:15, [<<main-context>>, nil]]	</home/kidus/NUMATyping/clang-tool/cclyzer++/input/numaed_vector.bc>:_ZNSt9bad_allocC2Ev:%this1
[<<main-context>>, nil]	*typed_heap_alloc@_ZN13NumaAllocatorIiLi3EE8allocateEm[%"class.std::bad_alloc"* %exception][0].?/0.?/0	[</home/kidus/NUMATyping/clang-tool/cclyzer++/input/numaed_vector.bc>:_ZN13NumaAllocatorIiLi3EE8allocateEm:15, [<<main-context>>, nil]]	</home/kidus/NUMATyping/clang-tool/cclyzer++/input/numaed_vector.bc>:_ZNSt9bad_allocC2Ev:%this1
[<<main-context>>, nil]	*typed_heap_alloc@_ZN13NumaAllocatorIiLi3EE8allocateEm[i32 (...)*** %exception][0]	[</home/kidus/NUMATyping/clang-tool/cclyzer++/input/numaed_vector.bc>:_ZN13NumaAllocatorIiLi3EE8allocateEm:15, [<<main-context>>, nil]]	</home/kidus/NUMATyping/clang-tool/cclyzer++/input/numaed_vector.bc>:_ZNSt9bad_allocC2Ev:%this1
[<<main-context>>, nil]	*typed_heap_alloc@_ZN13NumaAllocatorIiLi3EE8allocateEm[%"class.std::exception"* %exception][0]	[</home/kidus/NUMATyping/clang-tool/cclyzer++/input/numaed_vector.bc>:_ZN13NumaAllocatorIiLi3EE8allocateEm:15, [<<main-context>>, nil]]	</home/kidus/NUMATyping/clang-tool/cclyzer++/input/numaed_vector.bc>:_ZNSt9bad_allocC2Ev:%this1
[<<main-context>>, nil]	*typed_heap_alloc@_ZN13NumaAllocatorIiLi3EE8allocateEm[%"class.std::exception"* %exception][0].?/0	[</home/kidus/NUMATyping/clang-tool/cclyzer++/input/numaed_vector.bc>:_ZN13NumaAllocatorIiLi3EE8allocateEm:15, [<<main-context>>, nil]]	</home/kidus/NUMATyping/clang-tool/cclyzer++/input/numaed_vector.bc>:_ZNSt9bad_allocC2Ev:%this1
[</home/kidus/NUMATyping/clang-tool/cclyzer++/input/numaed_vector.bc>:_ZN13NumaAllocatorIiLi3EE8allocateEm:15, [<<main-context>>, nil]]	*stack_alloc@_ZNSt9bad_allocC2Ev[%"class.std::bad_alloc"** %this.addr]	[</home/kidus/NUMATyping/clang-tool/cclyzer++/input/numaed_vector.bc>:_ZN13NumaAllocatorIiLi3EE8allocateEm:15, [<<main-context>>, nil]]	</home/kidus/NUMATyping/clang-tool/cclyzer++/input/numaed_vector.bc>:_ZNSt9bad_allocC2Ev:%this.addr
[<<main-context>>, nil]	*heap_alloc@_ZN13NumaAllocatorIiLi3EE8allocateEm[i8* %exception]	[</home/kidus/NUMATyping/clang-tool/cclyzer++/input/numaed_vector.bc>:_ZN13NumaAllocatorIiLi3EE8allocateEm:15, [<<main-context>>, nil]]	</home/kidus/NUMATyping/clang-tool/cclyzer++/input/numaed_vector.bc>:_ZNSt9bad_allocC2Ev:%this
[<<main-context>>, nil]	*typed_heap_alloc@_ZN13NumaAllocatorIiLi3EE8allocateEm[%"class.std::bad_alloc"* %exception]	[</home/kidus/NUMATyping/clang-tool/cclyzer++/input/numaed_vector.bc>:_ZN13NumaAllocatorIiLi3EE8allocateEm:15, [<<main-context>>, nil]]	</home/kidus/NUMATyping/clang-tool/cclyzer++/input/numaed_vector.bc>:_ZNSt9bad_allocC2Ev:%this
[<<main-context>>, nil]	*typed_heap_alloc@_ZN13NumaAllocatorIiLi3EE8allocateEm[i32 (...)*** %exception]	[</home/kidus/NUMATyping/clang-tool/cclyzer++/input/numaed_vector.bc>:_ZN13NumaAllocatorIiLi3EE8allocateEm:15, [<<main-context>>, nil]]	</home/kidus/NUMATyping/clang-tool/cclyzer++/input/numaed_vector.bc>:_ZNSt9bad_allocC2Ev:%this
[<<main-context>>, nil]	*typed_heap_alloc@_ZN13NumaAllocatorIiLi3EE8allocateEm[%"class.std::exception"* %exception]	[</home/kidus/NUMATyping/clang-tool/cclyzer++/input/numaed_vector.bc>:_ZN13NumaAllocatorIiLi3EE8allocateEm:15, [<<main-context>>, nil]]	</home/kidus/NUMATyping/clang-tool/cclyzer++/input/numaed_vector.bc>:_ZNSt9bad_allocC2Ev:%this
[<<main-context>>, nil]	*heap_alloc@_ZN13NumaAllocatorIiLi3EE8allocateEm[i8* %exception]	[</home/kidus/NUMATyping/clang-tool/cclyzer++/input/numaed_vector.bc>:_ZN13NumaAllocatorIiLi3EE8allocateEm:15, [<<main-context>>, nil]]	</home/kidus/NUMATyping/clang-tool/cclyzer++/input/numaed_vector.bc>:_ZNSt9exceptionC2Ev:%0
[<<main-context>>, nil]	*heap_alloc@_ZN13NumaAllocatorIiLi3EE8allocateEm[i8* %exception][0]	[</home/kidus/NUMATyping/clang-tool/cclyzer++/input/numaed_vector.bc>:_ZN13NumaAllocatorIiLi3EE8allocateEm:15, [<<main-context>>, nil]]	</home/kidus/NUMATyping/clang-tool/cclyzer++/input/numaed_vector.bc>:_ZNSt9exceptionC2Ev:%0
[<<main-context>>, nil]	*typed_heap_alloc@_ZN13NumaAllocatorIiLi3EE8allocateEm[%"class.std::bad_alloc"* %exception]	[</home/kidus/NUMATyping/clang-tool/cclyzer++/input/numaed_vector.bc>:_ZN13NumaAllocatorIiLi3EE8allocateEm:15, [<<main-context>>, nil]]	</home/kidus/NUMATyping/clang-tool/cclyzer++/input/numaed_vector.bc>:_ZNSt9exceptionC2Ev:%0
[<<main-context>>, nil]	*typed_heap_alloc@_ZN13NumaAllocatorIiLi3EE8allocateEm[%"class.std::bad_alloc"* %exception][0]	[</home/kidus/NUMATyping/clang-tool/cclyzer++/input/numaed_vector.bc>:_ZN13NumaAllocatorIiLi3EE8allocateEm:15, [<<main-context>>, nil]]	</home/kidus/NUMATyping/clang-tool/cclyzer++/input/numaed_vector.bc>:_ZNSt9exceptionC2Ev:%0
[<<main-context>>, nil]	*typed_heap_alloc@_ZN13NumaAllocatorIiLi3EE8allocateEm[%"class.std::bad_alloc"* %exception][0].?/0	[</home/kidus/NUMATyping/clang-tool/cclyzer++/input/numaed_vector.bc>:_ZN13NumaAllocatorIiLi3EE8allocateEm:15, [<<main-context>>, nil]]	</home/kidus/NUMATyping/clang-tool/cclyzer++/input/numaed_vector.bc>:_ZNSt9exceptionC2Ev:%0
[<<main-context>>, nil]	*typed_heap_alloc@_ZN13NumaAllocatorIiLi3EE8allocateEm[i32 (...)*** %exception]	[</home/kidus/NUMATyping/clang-tool/cclyzer++/input/numaed_vector.bc>:_ZN13NumaAllocatorIiLi3EE8allocateEm:15, [<<main-context>>, nil]]	</home/kidus/NUMATyping/clang-tool/cclyzer++/input/numaed_vector.bc>:_ZNSt9exceptionC2Ev:%0
[<<main-context>>, nil]	*typed_heap_alloc@_ZN13NumaAllocatorIiLi3EE8allocateEm[%"class.std::exception"* %exception]	[</home/kidus/NUMATyping/clang-tool/cclyzer++/input/numaed_vector.bc>:_ZN13NumaAllocatorIiLi3EE8allocateEm:15, [<<main-context>>, nil]]	</home/kidus/NUMATyping/clang-tool/cclyzer++/input/numaed_vector.bc>:_ZNSt9exceptionC2Ev:%0
[<<main-context>>, nil]	*typed_heap_alloc@_ZN13NumaAllocatorIiLi3EE8allocateEm[%"class.std::bad_alloc"* %exception][0].?/0.?/0	[</home/kidus/NUMATyping/clang-tool/cclyzer++/input/numaed_vector.bc>:_ZN13NumaAllocatorIiLi3EE8allocateEm:15, [<<main-context>>, nil]]	</home/kidus/NUMATyping/clang-tool/cclyzer++/input/numaed_vector.bc>:_ZNSt9exceptionC2Ev:%0
[<<main-context>>, nil]	*typed_heap_alloc@_ZN13NumaAllocatorIiLi3EE8allocateEm[i32 (...)*** %exception][0]	[</home/kidus/NUMATyping/clang-tool/cclyzer++/input/numaed_vector.bc>:_ZN13NumaAllocatorIiLi3EE8allocateEm:15, [<<main-context>>, nil]]	</home/kidus/NUMATyping/clang-tool/cclyzer++/input/numaed_vector.bc>:_ZNSt9exceptionC2Ev:%0
[<<main-context>>, nil]	*typed_heap_alloc@_ZN13NumaAllocatorIiLi3EE8allocateEm[%"class.std::exception"* %exception][0]	[</home/kidus/NUMATyping/clang-tool/cclyzer++/input/numaed_vector.bc>:_ZN13NumaAllocatorIiLi3EE8allocateEm:15, [<<main-context>>, nil]]	</home/kidus/NUMATyping/clang-tool/cclyzer++/input/numaed_vector.bc>:_ZNSt9exceptionC2Ev:%0
[<<main-context>>, nil]	*typed_heap_alloc@_ZN13NumaAllocatorIiLi3EE8allocateEm[%"class.std::exception"* %exception][0].?/0	[</home/kidus/NUMATyping/clang-tool/cclyzer++/input/numaed_vector.bc>:_ZN13NumaAllocatorIiLi3EE8allocateEm:15, [<<main-context>>, nil]]	</home/kidus/NUMATyping/clang-tool/cclyzer++/input/numaed_vector.bc>:_ZNSt9exceptionC2Ev:%0
[<<main-context>>, nil]	*heap_alloc@_ZN13NumaAllocatorIiLi3EE8allocateEm[i8* %exception]	[</home/kidus/NUMATyping/clang-tool/cclyzer++/input/numaed_vector.bc>:_ZN13NumaAllocatorIiLi3EE8allocateEm:15, [<<main-context>>, nil]]	</home/kidus/NUMATyping/clang-tool/cclyzer++/input/numaed_vector.bc>:_ZNSt9exceptionC2Ev:%this1
[<<main-context>>, nil]	*heap_alloc@_ZN13NumaAllocatorIiLi3EE8allocateEm[i8* %exception][0]	[</home/kidus/NUMATyping/clang-tool/cclyzer++/input/numaed_vector.bc>:_ZN13NumaAllocatorIiLi3EE8allocateEm:15, [<<main-context>>, nil]]	</home/kidus/NUMATyping/clang-tool/cclyzer++/input/numaed_vector.bc>:_ZNSt9exceptionC2Ev:%this1
[<<main-context>>, nil]	*typed_heap_alloc@_ZN13NumaAllocatorIiLi3EE8allocateEm[%"class.std::bad_alloc"* %exception]	[</home/kidus/NUMATyping/clang-tool/cclyzer++/input/numaed_vector.bc>:_ZN13NumaAllocatorIiLi3EE8allocateEm:15, [<<main-context>>, nil]]	</home/kidus/NUMATyping/clang-tool/cclyzer++/input/numaed_vector.bc>:_ZNSt9exceptionC2Ev:%this1
[<<main-context>>, nil]	*typed_heap_alloc@_ZN13NumaAllocatorIiLi3EE8allocateEm[%"class.std::bad_alloc"* %exception][0]	[</home/kidus/NUMATyping/clang-tool/cclyzer++/input/numaed_vector.bc>:_ZN13NumaAllocatorIiLi3EE8allocateEm:15, [<<main-context>>, nil]]	</home/kidus/NUMATyping/clang-tool/cclyzer++/input/numaed_vector.bc>:_ZNSt9exceptionC2Ev:%this1
[<<main-context>>, nil]	*typed_heap_alloc@_ZN13NumaAllocatorIiLi3EE8allocateEm[%"class.std::bad_alloc"* %exception][0].?/0	[</home/kidus/NUMATyping/clang-tool/cclyzer++/input/numaed_vector.bc>:_ZN13NumaAllocatorIiLi3EE8allocateEm:15, [<<main-context>>, nil]]	</home/kidus/NUMATyping/clang-tool/cclyzer++/input/numaed_vector.bc>:_ZNSt9exceptionC2Ev:%this1
[<<main-context>>, nil]	*typed_heap_alloc@_ZN13NumaAllocatorIiLi3EE8allocateEm[i32 (...)*** %exception]	[</home/kidus/NUMATyping/clang-tool/cclyzer++/input/numaed_vector.bc>:_ZN13NumaAllocatorIiLi3EE8allocateEm:15, [<<main-context>>, nil]]	</home/kidus/NUMATyping/clang-tool/cclyzer++/input/numaed_vector.bc>:_ZNSt9exceptionC2Ev:%this1
[<<main-context>>, nil]	*typed_heap_alloc@_ZN13NumaAllocatorIiLi3EE8allocateEm[%"class.std::exception"* %exception]	[</home/kidus/NUMATyping/clang-tool/cclyzer++/input/numaed_vector.bc>:_ZN13NumaAllocatorIiLi3EE8allocateEm:15, [<<main-context>>, nil]]	</home/kidus/NUMATyping/clang-tool/cclyzer++/input/numaed_vector.bc>:_ZNSt9exceptionC2Ev:%this1
[<<main-context>>, nil]	*typed_heap_alloc@_ZN13NumaAllocatorIiLi3EE8allocateEm[%"class.std::bad_alloc"* %exception][0].?/0.?/0	[</home/kidus/NUMATyping/clang-tool/cclyzer++/input/numaed_vector.bc>:_ZN13NumaAllocatorIiLi3EE8allocateEm:15, [<<main-context>>, nil]]	</home/kidus/NUMATyping/clang-tool/cclyzer++/input/numaed_vector.bc>:_ZNSt9exceptionC2Ev:%this1
[<<main-context>>, nil]	*typed_heap_alloc@_ZN13NumaAllocatorIiLi3EE8allocateEm[i32 (...)*** %exception][0]	[</home/kidus/NUMATyping/clang-tool/cclyzer++/input/numaed_vector.bc>:_ZN13NumaAllocatorIiLi3EE8allocateEm:15, [<<main-context>>, nil]]	</home/kidus/NUMATyping/clang-tool/cclyzer++/input/numaed_vector.bc>:_ZNSt9exceptionC2Ev:%this1
[<<main-context>>, nil]	*typed_heap_alloc@_ZN13NumaAllocatorIiLi3EE8allocateEm[%"class.std::exception"* %exception][0]	[</home/kidus/NUMATyping/clang-tool/cclyzer++/input/numaed_vector.bc>:_ZN13NumaAllocatorIiLi3EE8allocateEm:15, [<<main-context>>, nil]]	</home/kidus/NUMATyping/clang-tool/cclyzer++/input/numaed_vector.bc>:_ZNSt9exceptionC2Ev:%this1
[<<main-context>>, nil]	*typed_heap_alloc@_ZN13NumaAllocatorIiLi3EE8allocateEm[%"class.std::exception"* %exception][0].?/0	[</home/kidus/NUMATyping/clang-tool/cclyzer++/input/numaed_vector.bc>:_ZN13NumaAllocatorIiLi3EE8allocateEm:15, [<<main-context>>, nil]]	</home/kidus/NUMATyping/clang-tool/cclyzer++/input/numaed_vector.bc>:_ZNSt9exceptionC2Ev:%this1
[</home/kidus/NUMATyping/clang-tool/cclyzer++/input/numaed_vector.bc>:_ZN13NumaAllocatorIiLi3EE8allocateEm:15, [<<main-context>>, nil]]	*stack_alloc@_ZNSt9exceptionC2Ev[%"class.std::exception"** %this.addr]	[</home/kidus/NUMATyping/clang-tool/cclyzer++/input/numaed_vector.bc>:_ZN13NumaAllocatorIiLi3EE8allocateEm:15, [<<main-context>>, nil]]	</home/kidus/NUMATyping/clang-tool/cclyzer++/input/numaed_vector.bc>:_ZNSt9exceptionC2Ev:%this.addr
[<<main-context>>, nil]	*heap_alloc@_ZN13NumaAllocatorIiLi3EE8allocateEm[i8* %exception]	[</home/kidus/NUMATyping/clang-tool/cclyzer++/input/numaed_vector.bc>:_ZN13NumaAllocatorIiLi3EE8allocateEm:15, [<<main-context>>, nil]]	</home/kidus/NUMATyping/clang-tool/cclyzer++/input/numaed_vector.bc>:_ZNSt9exceptionC2Ev:%this
[<<main-context>>, nil]	*heap_alloc@_ZN13NumaAllocatorIiLi3EE8allocateEm[i8* %exception][0]	[</home/kidus/NUMATyping/clang-tool/cclyzer++/input/numaed_vector.bc>:_ZN13NumaAllocatorIiLi3EE8allocateEm:15, [<<main-context>>, nil]]	</home/kidus/NUMATyping/clang-tool/cclyzer++/input/numaed_vector.bc>:_ZNSt9exceptionC2Ev:%this
[<<main-context>>, nil]	*typed_heap_alloc@_ZN13NumaAllocatorIiLi3EE8allocateEm[%"class.std::bad_alloc"* %exception]	[</home/kidus/NUMATyping/clang-tool/cclyzer++/input/numaed_vector.bc>:_ZN13NumaAllocatorIiLi3EE8allocateEm:15, [<<main-context>>, nil]]	</home/kidus/NUMATyping/clang-tool/cclyzer++/input/numaed_vector.bc>:_ZNSt9exceptionC2Ev:%this
[<<main-context>>, nil]	*typed_heap_alloc@_ZN13NumaAllocatorIiLi3EE8allocateEm[%"class.std::bad_alloc"* %exception][0]	[</home/kidus/NUMATyping/clang-tool/cclyzer++/input/numaed_vector.bc>:_ZN13NumaAllocatorIiLi3EE8allocateEm:15, [<<main-context>>, nil]]	</home/kidus/NUMATyping/clang-tool/cclyzer++/input/numaed_vector.bc>:_ZNSt9exceptionC2Ev:%this
[<<main-context>>, nil]	*typed_heap_alloc@_ZN13NumaAllocatorIiLi3EE8allocateEm[%"class.std::bad_alloc"* %exception][0].?/0	[</home/kidus/NUMATyping/clang-tool/cclyzer++/input/numaed_vector.bc>:_ZN13NumaAllocatorIiLi3EE8allocateEm:15, [<<main-context>>, nil]]	</home/kidus/NUMATyping/clang-tool/cclyzer++/input/numaed_vector.bc>:_ZNSt9exceptionC2Ev:%this
[<<main-context>>, nil]	*typed_heap_alloc@_ZN13NumaAllocatorIiLi3EE8allocateEm[i32 (...)*** %exception]	[</home/kidus/NUMATyping/clang-tool/cclyzer++/input/numaed_vector.bc>:_ZN13NumaAllocatorIiLi3EE8allocateEm:15, [<<main-context>>, nil]]	</home/kidus/NUMATyping/clang-tool/cclyzer++/input/numaed_vector.bc>:_ZNSt9exceptionC2Ev:%this
[<<main-context>>, nil]	*typed_heap_alloc@_ZN13NumaAllocatorIiLi3EE8allocateEm[%"class.std::exception"* %exception]	[</home/kidus/NUMATyping/clang-tool/cclyzer++/input/numaed_vector.bc>:_ZN13NumaAllocatorIiLi3EE8allocateEm:15, [<<main-context>>, nil]]	</home/kidus/NUMATyping/clang-tool/cclyzer++/input/numaed_vector.bc>:_ZNSt9exceptionC2Ev:%this
[<<main-context>>, nil]	*typed_heap_alloc@_ZN13NumaAllocatorIiLi3EE8allocateEm[%"class.std::bad_alloc"* %exception][0].?/0.?/0	[</home/kidus/NUMATyping/clang-tool/cclyzer++/input/numaed_vector.bc>:_ZN13NumaAllocatorIiLi3EE8allocateEm:15, [<<main-context>>, nil]]	</home/kidus/NUMATyping/clang-tool/cclyzer++/input/numaed_vector.bc>:_ZNSt9exceptionC2Ev:%this
[<<main-context>>, nil]	*typed_heap_alloc@_ZN13NumaAllocatorIiLi3EE8allocateEm[i32 (...)*** %exception][0]	[</home/kidus/NUMATyping/clang-tool/cclyzer++/input/numaed_vector.bc>:_ZN13NumaAllocatorIiLi3EE8allocateEm:15, [<<main-context>>, nil]]	</home/kidus/NUMATyping/clang-tool/cclyzer++/input/numaed_vector.bc>:_ZNSt9exceptionC2Ev:%this
[<<main-context>>, nil]	*typed_heap_alloc@_ZN13NumaAllocatorIiLi3EE8allocateEm[%"class.std::exception"* %exception][0]	[</home/kidus/NUMATyping/clang-tool/cclyzer++/input/numaed_vector.bc>:_ZN13NumaAllocatorIiLi3EE8allocateEm:15, [<<main-context>>, nil]]	</home/kidus/NUMATyping/clang-tool/cclyzer++/input/numaed_vector.bc>:_ZNSt9exceptionC2Ev:%this
[<<main-context>>, nil]	*typed_heap_alloc@_ZN13NumaAllocatorIiLi3EE8allocateEm[%"class.std::exception"* %exception][0].?/0	[</home/kidus/NUMATyping/clang-tool/cclyzer++/input/numaed_vector.bc>:_ZN13NumaAllocatorIiLi3EE8allocateEm:15, [<<main-context>>, nil]]	</home/kidus/NUMATyping/clang-tool/cclyzer++/input/numaed_vector.bc>:_ZNSt9exceptionC2Ev:%this
[<<main-context>>, nil]	*heap_alloc@_ZN13NumaAllocatorI8MyVectorLi3EE8allocateEm[i8* %exception]	[</home/kidus/NUMATyping/clang-tool/cclyzer++/input/numaed_vector.bc>:_ZN13NumaAllocatorI8MyVectorLi3EE8allocateEm:15, [<<main-context>>, nil]]	</home/kidus/NUMATyping/clang-tool/cclyzer++/input/numaed_vector.bc>:_ZNSt9bad_allocC2Ev:%1
[<<main-context>>, nil]	*heap_alloc@_ZN13NumaAllocatorI8MyVectorLi3EE8allocateEm[i8* %exception][0]	[</home/kidus/NUMATyping/clang-tool/cclyzer++/input/numaed_vector.bc>:_ZN13NumaAllocatorI8MyVectorLi3EE8allocateEm:15, [<<main-context>>, nil]]	</home/kidus/NUMATyping/clang-tool/cclyzer++/input/numaed_vector.bc>:_ZNSt9bad_allocC2Ev:%1
[<<main-context>>, nil]	*typed_heap_alloc@_ZN13NumaAllocatorI8MyVectorLi3EE8allocateEm[%"class.std::bad_alloc"* %exception]	[</home/kidus/NUMATyping/clang-tool/cclyzer++/input/numaed_vector.bc>:_ZN13NumaAllocatorI8MyVectorLi3EE8allocateEm:15, [<<main-context>>, nil]]	</home/kidus/NUMATyping/clang-tool/cclyzer++/input/numaed_vector.bc>:_ZNSt9bad_allocC2Ev:%1
[<<main-context>>, nil]	*typed_heap_alloc@_ZN13NumaAllocatorI8MyVectorLi3EE8allocateEm[%"class.std::bad_alloc"* %exception][0]	[</home/kidus/NUMATyping/clang-tool/cclyzer++/input/numaed_vector.bc>:_ZN13NumaAllocatorI8MyVectorLi3EE8allocateEm:15, [<<main-context>>, nil]]	</home/kidus/NUMATyping/clang-tool/cclyzer++/input/numaed_vector.bc>:_ZNSt9bad_allocC2Ev:%1
[<<main-context>>, nil]	*typed_heap_alloc@_ZN13NumaAllocatorI8MyVectorLi3EE8allocateEm[%"class.std::bad_alloc"* %exception][0].?/0	[</home/kidus/NUMATyping/clang-tool/cclyzer++/input/numaed_vector.bc>:_ZN13NumaAllocatorI8MyVectorLi3EE8allocateEm:15, [<<main-context>>, nil]]	</home/kidus/NUMATyping/clang-tool/cclyzer++/input/numaed_vector.bc>:_ZNSt9bad_allocC2Ev:%1
[<<main-context>>, nil]	*typed_heap_alloc@_ZN13NumaAllocatorI8MyVectorLi3EE8allocateEm[i32 (...)*** %exception]	[</home/kidus/NUMATyping/clang-tool/cclyzer++/input/numaed_vector.bc>:_ZN13NumaAllocatorI8MyVectorLi3EE8allocateEm:15, [<<main-context>>, nil]]	</home/kidus/NUMATyping/clang-tool/cclyzer++/input/numaed_vector.bc>:_ZNSt9bad_allocC2Ev:%1
[<<main-context>>, nil]	*typed_heap_alloc@_ZN13NumaAllocatorI8MyVectorLi3EE8allocateEm[%"class.std::exception"* %exception]	[</home/kidus/NUMATyping/clang-tool/cclyzer++/input/numaed_vector.bc>:_ZN13NumaAllocatorI8MyVectorLi3EE8allocateEm:15, [<<main-context>>, nil]]	</home/kidus/NUMATyping/clang-tool/cclyzer++/input/numaed_vector.bc>:_ZNSt9bad_allocC2Ev:%1
[<<main-context>>, nil]	*typed_heap_alloc@_ZN13NumaAllocatorI8MyVectorLi3EE8allocateEm[%"class.std::bad_alloc"* %exception][0].?/0.?/0	[</home/kidus/NUMATyping/clang-tool/cclyzer++/input/numaed_vector.bc>:_ZN13NumaAllocatorI8MyVectorLi3EE8allocateEm:15, [<<main-context>>, nil]]	</home/kidus/NUMATyping/clang-tool/cclyzer++/input/numaed_vector.bc>:_ZNSt9bad_allocC2Ev:%1
[<<main-context>>, nil]	*typed_heap_alloc@_ZN13NumaAllocatorI8MyVectorLi3EE8allocateEm[i32 (...)*** %exception][0]	[</home/kidus/NUMATyping/clang-tool/cclyzer++/input/numaed_vector.bc>:_ZN13NumaAllocatorI8MyVectorLi3EE8allocateEm:15, [<<main-context>>, nil]]	</home/kidus/NUMATyping/clang-tool/cclyzer++/input/numaed_vector.bc>:_ZNSt9bad_allocC2Ev:%1
[<<main-context>>, nil]	*typed_heap_alloc@_ZN13NumaAllocatorI8MyVectorLi3EE8allocateEm[%"class.std::exception"* %exception][0]	[</home/kidus/NUMATyping/clang-tool/cclyzer++/input/numaed_vector.bc>:_ZN13NumaAllocatorI8MyVectorLi3EE8allocateEm:15, [<<main-context>>, nil]]	</home/kidus/NUMATyping/clang-tool/cclyzer++/input/numaed_vector.bc>:_ZNSt9bad_allocC2Ev:%1
[<<main-context>>, nil]	*typed_heap_alloc@_ZN13NumaAllocatorI8MyVectorLi3EE8allocateEm[%"class.std::exception"* %exception][0].?/0	[</home/kidus/NUMATyping/clang-tool/cclyzer++/input/numaed_vector.bc>:_ZN13NumaAllocatorI8MyVectorLi3EE8allocateEm:15, [<<main-context>>, nil]]	</home/kidus/NUMATyping/clang-tool/cclyzer++/input/numaed_vector.bc>:_ZNSt9bad_allocC2Ev:%1
[<<main-context>>, nil]	*heap_alloc@_ZN13NumaAllocatorI8MyVectorLi3EE8allocateEm[i8* %exception]	[</home/kidus/NUMATyping/clang-tool/cclyzer++/input/numaed_vector.bc>:_ZN13NumaAllocatorI8MyVectorLi3EE8allocateEm:15, [<<main-context>>, nil]]	</home/kidus/NUMATyping/clang-tool/cclyzer++/input/numaed_vector.bc>:_ZNSt9bad_allocC2Ev:%0
[<<main-context>>, nil]	*heap_alloc@_ZN13NumaAllocatorI8MyVectorLi3EE8allocateEm[i8* %exception][0]	[</home/kidus/NUMATyping/clang-tool/cclyzer++/input/numaed_vector.bc>:_ZN13NumaAllocatorI8MyVectorLi3EE8allocateEm:15, [<<main-context>>, nil]]	</home/kidus/NUMATyping/clang-tool/cclyzer++/input/numaed_vector.bc>:_ZNSt9bad_allocC2Ev:%0
[<<main-context>>, nil]	*typed_heap_alloc@_ZN13NumaAllocatorI8MyVectorLi3EE8allocateEm[%"class.std::bad_alloc"* %exception]	[</home/kidus/NUMATyping/clang-tool/cclyzer++/input/numaed_vector.bc>:_ZN13NumaAllocatorI8MyVectorLi3EE8allocateEm:15, [<<main-context>>, nil]]	</home/kidus/NUMATyping/clang-tool/cclyzer++/input/numaed_vector.bc>:_ZNSt9bad_allocC2Ev:%0
[<<main-context>>, nil]	*typed_heap_alloc@_ZN13NumaAllocatorI8MyVectorLi3EE8allocateEm[%"class.std::bad_alloc"* %exception][0]	[</home/kidus/NUMATyping/clang-tool/cclyzer++/input/numaed_vector.bc>:_ZN13NumaAllocatorI8MyVectorLi3EE8allocateEm:15, [<<main-context>>, nil]]	</home/kidus/NUMATyping/clang-tool/cclyzer++/input/numaed_vector.bc>:_ZNSt9bad_allocC2Ev:%0
[<<main-context>>, nil]	*typed_heap_alloc@_ZN13NumaAllocatorI8MyVectorLi3EE8allocateEm[%"class.std::bad_alloc"* %exception][0].?/0	[</home/kidus/NUMATyping/clang-tool/cclyzer++/input/numaed_vector.bc>:_ZN13NumaAllocatorI8MyVectorLi3EE8allocateEm:15, [<<main-context>>, nil]]	</home/kidus/NUMATyping/clang-tool/cclyzer++/input/numaed_vector.bc>:_ZNSt9bad_allocC2Ev:%0
[<<main-context>>, nil]	*typed_heap_alloc@_ZN13NumaAllocatorI8MyVectorLi3EE8allocateEm[i32 (...)*** %exception]	[</home/kidus/NUMATyping/clang-tool/cclyzer++/input/numaed_vector.bc>:_ZN13NumaAllocatorI8MyVectorLi3EE8allocateEm:15, [<<main-context>>, nil]]	</home/kidus/NUMATyping/clang-tool/cclyzer++/input/numaed_vector.bc>:_ZNSt9bad_allocC2Ev:%0
[<<main-context>>, nil]	*typed_heap_alloc@_ZN13NumaAllocatorI8MyVectorLi3EE8allocateEm[%"class.std::exception"* %exception]	[</home/kidus/NUMATyping/clang-tool/cclyzer++/input/numaed_vector.bc>:_ZN13NumaAllocatorI8MyVectorLi3EE8allocateEm:15, [<<main-context>>, nil]]	</home/kidus/NUMATyping/clang-tool/cclyzer++/input/numaed_vector.bc>:_ZNSt9bad_allocC2Ev:%0
[<<main-context>>, nil]	*typed_heap_alloc@_ZN13NumaAllocatorI8MyVectorLi3EE8allocateEm[%"class.std::bad_alloc"* %exception][0].?/0.?/0	[</home/kidus/NUMATyping/clang-tool/cclyzer++/input/numaed_vector.bc>:_ZN13NumaAllocatorI8MyVectorLi3EE8allocateEm:15, [<<main-context>>, nil]]	</home/kidus/NUMATyping/clang-tool/cclyzer++/input/numaed_vector.bc>:_ZNSt9bad_allocC2Ev:%0
[<<main-context>>, nil]	*typed_heap_alloc@_ZN13NumaAllocatorI8MyVectorLi3EE8allocateEm[i32 (...)*** %exception][0]	[</home/kidus/NUMATyping/clang-tool/cclyzer++/input/numaed_vector.bc>:_ZN13NumaAllocatorI8MyVectorLi3EE8allocateEm:15, [<<main-context>>, nil]]	</home/kidus/NUMATyping/clang-tool/cclyzer++/input/numaed_vector.bc>:_ZNSt9bad_allocC2Ev:%0
[<<main-context>>, nil]	*typed_heap_alloc@_ZN13NumaAllocatorI8MyVectorLi3EE8allocateEm[%"class.std::exception"* %exception][0]	[</home/kidus/NUMATyping/clang-tool/cclyzer++/input/numaed_vector.bc>:_ZN13NumaAllocatorI8MyVectorLi3EE8allocateEm:15, [<<main-context>>, nil]]	</home/kidus/NUMATyping/clang-tool/cclyzer++/input/numaed_vector.bc>:_ZNSt9bad_allocC2Ev:%0
[<<main-context>>, nil]	*typed_heap_alloc@_ZN13NumaAllocatorI8MyVectorLi3EE8allocateEm[%"class.std::exception"* %exception][0].?/0	[</home/kidus/NUMATyping/clang-tool/cclyzer++/input/numaed_vector.bc>:_ZN13NumaAllocatorI8MyVectorLi3EE8allocateEm:15, [<<main-context>>, nil]]	</home/kidus/NUMATyping/clang-tool/cclyzer++/input/numaed_vector.bc>:_ZNSt9bad_allocC2Ev:%0
[<<main-context>>, nil]	*heap_alloc@_ZN13NumaAllocatorI8MyVectorLi3EE8allocateEm[i8* %exception]	[</home/kidus/NUMATyping/clang-tool/cclyzer++/input/numaed_vector.bc>:_ZN13NumaAllocatorI8MyVectorLi3EE8allocateEm:15, [<<main-context>>, nil]]	</home/kidus/NUMATyping/clang-tool/cclyzer++/input/numaed_vector.bc>:_ZNSt9bad_allocC2Ev:%this1
[<<main-context>>, nil]	*heap_alloc@_ZN13NumaAllocatorI8MyVectorLi3EE8allocateEm[i8* %exception][0]	[</home/kidus/NUMATyping/clang-tool/cclyzer++/input/numaed_vector.bc>:_ZN13NumaAllocatorI8MyVectorLi3EE8allocateEm:15, [<<main-context>>, nil]]	</home/kidus/NUMATyping/clang-tool/cclyzer++/input/numaed_vector.bc>:_ZNSt9bad_allocC2Ev:%this1
[<<main-context>>, nil]	*typed_heap_alloc@_ZN13NumaAllocatorI8MyVectorLi3EE8allocateEm[%"class.std::bad_alloc"* %exception]	[</home/kidus/NUMATyping/clang-tool/cclyzer++/input/numaed_vector.bc>:_ZN13NumaAllocatorI8MyVectorLi3EE8allocateEm:15, [<<main-context>>, nil]]	</home/kidus/NUMATyping/clang-tool/cclyzer++/input/numaed_vector.bc>:_ZNSt9bad_allocC2Ev:%this1
[<<main-context>>, nil]	*typed_heap_alloc@_ZN13NumaAllocatorI8MyVectorLi3EE8allocateEm[%"class.std::bad_alloc"* %exception][0]	[</home/kidus/NUMATyping/clang-tool/cclyzer++/input/numaed_vector.bc>:_ZN13NumaAllocatorI8MyVectorLi3EE8allocateEm:15, [<<main-context>>, nil]]	</home/kidus/NUMATyping/clang-tool/cclyzer++/input/numaed_vector.bc>:_ZNSt9bad_allocC2Ev:%this1
[<<main-context>>, nil]	*typed_heap_alloc@_ZN13NumaAllocatorI8MyVectorLi3EE8allocateEm[%"class.std::bad_alloc"* %exception][0].?/0	[</home/kidus/NUMATyping/clang-tool/cclyzer++/input/numaed_vector.bc>:_ZN13NumaAllocatorI8MyVectorLi3EE8allocateEm:15, [<<main-context>>, nil]]	</home/kidus/NUMATyping/clang-tool/cclyzer++/input/numaed_vector.bc>:_ZNSt9bad_allocC2Ev:%this1
[<<main-context>>, nil]	*typed_heap_alloc@_ZN13NumaAllocatorI8MyVectorLi3EE8allocateEm[i32 (...)*** %exception]	[</home/kidus/NUMATyping/clang-tool/cclyzer++/input/numaed_vector.bc>:_ZN13NumaAllocatorI8MyVectorLi3EE8allocateEm:15, [<<main-context>>, nil]]	</home/kidus/NUMATyping/clang-tool/cclyzer++/input/numaed_vector.bc>:_ZNSt9bad_allocC2Ev:%this1
[<<main-context>>, nil]	*typed_heap_alloc@_ZN13NumaAllocatorI8MyVectorLi3EE8allocateEm[%"class.std::exception"* %exception]	[</home/kidus/NUMATyping/clang-tool/cclyzer++/input/numaed_vector.bc>:_ZN13NumaAllocatorI8MyVectorLi3EE8allocateEm:15, [<<main-context>>, nil]]	</home/kidus/NUMATyping/clang-tool/cclyzer++/input/numaed_vector.bc>:_ZNSt9bad_allocC2Ev:%this1
[<<main-context>>, nil]	*typed_heap_alloc@_ZN13NumaAllocatorI8MyVectorLi3EE8allocateEm[%"class.std::bad_alloc"* %exception][0].?/0.?/0	[</home/kidus/NUMATyping/clang-tool/cclyzer++/input/numaed_vector.bc>:_ZN13NumaAllocatorI8MyVectorLi3EE8allocateEm:15, [<<main-context>>, nil]]	</home/kidus/NUMATyping/clang-tool/cclyzer++/input/numaed_vector.bc>:_ZNSt9bad_allocC2Ev:%this1
[<<main-context>>, nil]	*typed_heap_alloc@_ZN13NumaAllocatorI8MyVectorLi3EE8allocateEm[i32 (...)*** %exception][0]	[</home/kidus/NUMATyping/clang-tool/cclyzer++/input/numaed_vector.bc>:_ZN13NumaAllocatorI8MyVectorLi3EE8allocateEm:15, [<<main-context>>, nil]]	</home/kidus/NUMATyping/clang-tool/cclyzer++/input/numaed_vector.bc>:_ZNSt9bad_allocC2Ev:%this1
[<<main-context>>, nil]	*typed_heap_alloc@_ZN13NumaAllocatorI8MyVectorLi3EE8allocateEm[%"class.std::exception"* %exception][0]	[</home/kidus/NUMATyping/clang-tool/cclyzer++/input/numaed_vector.bc>:_ZN13NumaAllocatorI8MyVectorLi3EE8allocateEm:15, [<<main-context>>, nil]]	</home/kidus/NUMATyping/clang-tool/cclyzer++/input/numaed_vector.bc>:_ZNSt9bad_allocC2Ev:%this1
[<<main-context>>, nil]	*typed_heap_alloc@_ZN13NumaAllocatorI8MyVectorLi3EE8allocateEm[%"class.std::exception"* %exception][0].?/0	[</home/kidus/NUMATyping/clang-tool/cclyzer++/input/numaed_vector.bc>:_ZN13NumaAllocatorI8MyVectorLi3EE8allocateEm:15, [<<main-context>>, nil]]	</home/kidus/NUMATyping/clang-tool/cclyzer++/input/numaed_vector.bc>:_ZNSt9bad_allocC2Ev:%this1
[</home/kidus/NUMATyping/clang-tool/cclyzer++/input/numaed_vector.bc>:_ZN13NumaAllocatorI8MyVectorLi3EE8allocateEm:15, [<<main-context>>, nil]]	*stack_alloc@_ZNSt9bad_allocC2Ev[%"class.std::bad_alloc"** %this.addr]	[</home/kidus/NUMATyping/clang-tool/cclyzer++/input/numaed_vector.bc>:_ZN13NumaAllocatorI8MyVectorLi3EE8allocateEm:15, [<<main-context>>, nil]]	</home/kidus/NUMATyping/clang-tool/cclyzer++/input/numaed_vector.bc>:_ZNSt9bad_allocC2Ev:%this.addr
[<<main-context>>, nil]	*heap_alloc@_ZN13NumaAllocatorI8MyVectorLi3EE8allocateEm[i8* %exception]	[</home/kidus/NUMATyping/clang-tool/cclyzer++/input/numaed_vector.bc>:_ZN13NumaAllocatorI8MyVectorLi3EE8allocateEm:15, [<<main-context>>, nil]]	</home/kidus/NUMATyping/clang-tool/cclyzer++/input/numaed_vector.bc>:_ZNSt9bad_allocC2Ev:%this
[<<main-context>>, nil]	*typed_heap_alloc@_ZN13NumaAllocatorI8MyVectorLi3EE8allocateEm[%"class.std::bad_alloc"* %exception]	[</home/kidus/NUMATyping/clang-tool/cclyzer++/input/numaed_vector.bc>:_ZN13NumaAllocatorI8MyVectorLi3EE8allocateEm:15, [<<main-context>>, nil]]	</home/kidus/NUMATyping/clang-tool/cclyzer++/input/numaed_vector.bc>:_ZNSt9bad_allocC2Ev:%this
[<<main-context>>, nil]	*typed_heap_alloc@_ZN13NumaAllocatorI8MyVectorLi3EE8allocateEm[i32 (...)*** %exception]	[</home/kidus/NUMATyping/clang-tool/cclyzer++/input/numaed_vector.bc>:_ZN13NumaAllocatorI8MyVectorLi3EE8allocateEm:15, [<<main-context>>, nil]]	</home/kidus/NUMATyping/clang-tool/cclyzer++/input/numaed_vector.bc>:_ZNSt9bad_allocC2Ev:%this
[<<main-context>>, nil]	*typed_heap_alloc@_ZN13NumaAllocatorI8MyVectorLi3EE8allocateEm[%"class.std::exception"* %exception]	[</home/kidus/NUMATyping/clang-tool/cclyzer++/input/numaed_vector.bc>:_ZN13NumaAllocatorI8MyVectorLi3EE8allocateEm:15, [<<main-context>>, nil]]	</home/kidus/NUMATyping/clang-tool/cclyzer++/input/numaed_vector.bc>:_ZNSt9bad_allocC2Ev:%this
[<<main-context>>, nil]	*heap_alloc@_ZN13NumaAllocatorI8MyVectorLi3EE8allocateEm[i8* %exception]	[</home/kidus/NUMATyping/clang-tool/cclyzer++/input/numaed_vector.bc>:_ZN13NumaAllocatorI8MyVectorLi3EE8allocateEm:15, [<<main-context>>, nil]]	</home/kidus/NUMATyping/clang-tool/cclyzer++/input/numaed_vector.bc>:_ZNSt9exceptionC2Ev:%0
[<<main-context>>, nil]	*heap_alloc@_ZN13NumaAllocatorI8MyVectorLi3EE8allocateEm[i8* %exception][0]	[</home/kidus/NUMATyping/clang-tool/cclyzer++/input/numaed_vector.bc>:_ZN13NumaAllocatorI8MyVectorLi3EE8allocateEm:15, [<<main-context>>, nil]]	</home/kidus/NUMATyping/clang-tool/cclyzer++/input/numaed_vector.bc>:_ZNSt9exceptionC2Ev:%0
[<<main-context>>, nil]	*typed_heap_alloc@_ZN13NumaAllocatorI8MyVectorLi3EE8allocateEm[%"class.std::bad_alloc"* %exception]	[</home/kidus/NUMATyping/clang-tool/cclyzer++/input/numaed_vector.bc>:_ZN13NumaAllocatorI8MyVectorLi3EE8allocateEm:15, [<<main-context>>, nil]]	</home/kidus/NUMATyping/clang-tool/cclyzer++/input/numaed_vector.bc>:_ZNSt9exceptionC2Ev:%0
[<<main-context>>, nil]	*typed_heap_alloc@_ZN13NumaAllocatorI8MyVectorLi3EE8allocateEm[%"class.std::bad_alloc"* %exception][0]	[</home/kidus/NUMATyping/clang-tool/cclyzer++/input/numaed_vector.bc>:_ZN13NumaAllocatorI8MyVectorLi3EE8allocateEm:15, [<<main-context>>, nil]]	</home/kidus/NUMATyping/clang-tool/cclyzer++/input/numaed_vector.bc>:_ZNSt9exceptionC2Ev:%0
[<<main-context>>, nil]	*typed_heap_alloc@_ZN13NumaAllocatorI8MyVectorLi3EE8allocateEm[%"class.std::bad_alloc"* %exception][0].?/0	[</home/kidus/NUMATyping/clang-tool/cclyzer++/input/numaed_vector.bc>:_ZN13NumaAllocatorI8MyVectorLi3EE8allocateEm:15, [<<main-context>>, nil]]	</home/kidus/NUMATyping/clang-tool/cclyzer++/input/numaed_vector.bc>:_ZNSt9exceptionC2Ev:%0
[<<main-context>>, nil]	*typed_heap_alloc@_ZN13NumaAllocatorI8MyVectorLi3EE8allocateEm[i32 (...)*** %exception]	[</home/kidus/NUMATyping/clang-tool/cclyzer++/input/numaed_vector.bc>:_ZN13NumaAllocatorI8MyVectorLi3EE8allocateEm:15, [<<main-context>>, nil]]	</home/kidus/NUMATyping/clang-tool/cclyzer++/input/numaed_vector.bc>:_ZNSt9exceptionC2Ev:%0
[<<main-context>>, nil]	*typed_heap_alloc@_ZN13NumaAllocatorI8MyVectorLi3EE8allocateEm[%"class.std::exception"* %exception]	[</home/kidus/NUMATyping/clang-tool/cclyzer++/input/numaed_vector.bc>:_ZN13NumaAllocatorI8MyVectorLi3EE8allocateEm:15, [<<main-context>>, nil]]	</home/kidus/NUMATyping/clang-tool/cclyzer++/input/numaed_vector.bc>:_ZNSt9exceptionC2Ev:%0
[<<main-context>>, nil]	*typed_heap_alloc@_ZN13NumaAllocatorI8MyVectorLi3EE8allocateEm[%"class.std::bad_alloc"* %exception][0].?/0.?/0	[</home/kidus/NUMATyping/clang-tool/cclyzer++/input/numaed_vector.bc>:_ZN13NumaAllocatorI8MyVectorLi3EE8allocateEm:15, [<<main-context>>, nil]]	</home/kidus/NUMATyping/clang-tool/cclyzer++/input/numaed_vector.bc>:_ZNSt9exceptionC2Ev:%0
[<<main-context>>, nil]	*typed_heap_alloc@_ZN13NumaAllocatorI8MyVectorLi3EE8allocateEm[i32 (...)*** %exception][0]	[</home/kidus/NUMATyping/clang-tool/cclyzer++/input/numaed_vector.bc>:_ZN13NumaAllocatorI8MyVectorLi3EE8allocateEm:15, [<<main-context>>, nil]]	</home/kidus/NUMATyping/clang-tool/cclyzer++/input/numaed_vector.bc>:_ZNSt9exceptionC2Ev:%0
[<<main-context>>, nil]	*typed_heap_alloc@_ZN13NumaAllocatorI8MyVectorLi3EE8allocateEm[%"class.std::exception"* %exception][0]	[</home/kidus/NUMATyping/clang-tool/cclyzer++/input/numaed_vector.bc>:_ZN13NumaAllocatorI8MyVectorLi3EE8allocateEm:15, [<<main-context>>, nil]]	</home/kidus/NUMATyping/clang-tool/cclyzer++/input/numaed_vector.bc>:_ZNSt9exceptionC2Ev:%0
[<<main-context>>, nil]	*typed_heap_alloc@_ZN13NumaAllocatorI8MyVectorLi3EE8allocateEm[%"class.std::exception"* %exception][0].?/0	[</home/kidus/NUMATyping/clang-tool/cclyzer++/input/numaed_vector.bc>:_ZN13NumaAllocatorI8MyVectorLi3EE8allocateEm:15, [<<main-context>>, nil]]	</home/kidus/NUMATyping/clang-tool/cclyzer++/input/numaed_vector.bc>:_ZNSt9exceptionC2Ev:%0
[<<main-context>>, nil]	*heap_alloc@_ZN13NumaAllocatorI8MyVectorLi3EE8allocateEm[i8* %exception]	[</home/kidus/NUMATyping/clang-tool/cclyzer++/input/numaed_vector.bc>:_ZN13NumaAllocatorI8MyVectorLi3EE8allocateEm:15, [<<main-context>>, nil]]	</home/kidus/NUMATyping/clang-tool/cclyzer++/input/numaed_vector.bc>:_ZNSt9exceptionC2Ev:%this1
[<<main-context>>, nil]	*heap_alloc@_ZN13NumaAllocatorI8MyVectorLi3EE8allocateEm[i8* %exception][0]	[</home/kidus/NUMATyping/clang-tool/cclyzer++/input/numaed_vector.bc>:_ZN13NumaAllocatorI8MyVectorLi3EE8allocateEm:15, [<<main-context>>, nil]]	</home/kidus/NUMATyping/clang-tool/cclyzer++/input/numaed_vector.bc>:_ZNSt9exceptionC2Ev:%this1
[<<main-context>>, nil]	*typed_heap_alloc@_ZN13NumaAllocatorI8MyVectorLi3EE8allocateEm[%"class.std::bad_alloc"* %exception]	[</home/kidus/NUMATyping/clang-tool/cclyzer++/input/numaed_vector.bc>:_ZN13NumaAllocatorI8MyVectorLi3EE8allocateEm:15, [<<main-context>>, nil]]	</home/kidus/NUMATyping/clang-tool/cclyzer++/input/numaed_vector.bc>:_ZNSt9exceptionC2Ev:%this1
[<<main-context>>, nil]	*typed_heap_alloc@_ZN13NumaAllocatorI8MyVectorLi3EE8allocateEm[%"class.std::bad_alloc"* %exception][0]	[</home/kidus/NUMATyping/clang-tool/cclyzer++/input/numaed_vector.bc>:_ZN13NumaAllocatorI8MyVectorLi3EE8allocateEm:15, [<<main-context>>, nil]]	</home/kidus/NUMATyping/clang-tool/cclyzer++/input/numaed_vector.bc>:_ZNSt9exceptionC2Ev:%this1
[<<main-context>>, nil]	*typed_heap_alloc@_ZN13NumaAllocatorI8MyVectorLi3EE8allocateEm[%"class.std::bad_alloc"* %exception][0].?/0	[</home/kidus/NUMATyping/clang-tool/cclyzer++/input/numaed_vector.bc>:_ZN13NumaAllocatorI8MyVectorLi3EE8allocateEm:15, [<<main-context>>, nil]]	</home/kidus/NUMATyping/clang-tool/cclyzer++/input/numaed_vector.bc>:_ZNSt9exceptionC2Ev:%this1
[<<main-context>>, nil]	*typed_heap_alloc@_ZN13NumaAllocatorI8MyVectorLi3EE8allocateEm[i32 (...)*** %exception]	[</home/kidus/NUMATyping/clang-tool/cclyzer++/input/numaed_vector.bc>:_ZN13NumaAllocatorI8MyVectorLi3EE8allocateEm:15, [<<main-context>>, nil]]	</home/kidus/NUMATyping/clang-tool/cclyzer++/input/numaed_vector.bc>:_ZNSt9exceptionC2Ev:%this1
[<<main-context>>, nil]	*typed_heap_alloc@_ZN13NumaAllocatorI8MyVectorLi3EE8allocateEm[%"class.std::exception"* %exception]	[</home/kidus/NUMATyping/clang-tool/cclyzer++/input/numaed_vector.bc>:_ZN13NumaAllocatorI8MyVectorLi3EE8allocateEm:15, [<<main-context>>, nil]]	</home/kidus/NUMATyping/clang-tool/cclyzer++/input/numaed_vector.bc>:_ZNSt9exceptionC2Ev:%this1
[<<main-context>>, nil]	*typed_heap_alloc@_ZN13NumaAllocatorI8MyVectorLi3EE8allocateEm[%"class.std::bad_alloc"* %exception][0].?/0.?/0	[</home/kidus/NUMATyping/clang-tool/cclyzer++/input/numaed_vector.bc>:_ZN13NumaAllocatorI8MyVectorLi3EE8allocateEm:15, [<<main-context>>, nil]]	</home/kidus/NUMATyping/clang-tool/cclyzer++/input/numaed_vector.bc>:_ZNSt9exceptionC2Ev:%this1
[<<main-context>>, nil]	*typed_heap_alloc@_ZN13NumaAllocatorI8MyVectorLi3EE8allocateEm[i32 (...)*** %exception][0]	[</home/kidus/NUMATyping/clang-tool/cclyzer++/input/numaed_vector.bc>:_ZN13NumaAllocatorI8MyVectorLi3EE8allocateEm:15, [<<main-context>>, nil]]	</home/kidus/NUMATyping/clang-tool/cclyzer++/input/numaed_vector.bc>:_ZNSt9exceptionC2Ev:%this1
[<<main-context>>, nil]	*typed_heap_alloc@_ZN13NumaAllocatorI8MyVectorLi3EE8allocateEm[%"class.std::exception"* %exception][0]	[</home/kidus/NUMATyping/clang-tool/cclyzer++/input/numaed_vector.bc>:_ZN13NumaAllocatorI8MyVectorLi3EE8allocateEm:15, [<<main-context>>, nil]]	</home/kidus/NUMATyping/clang-tool/cclyzer++/input/numaed_vector.bc>:_ZNSt9exceptionC2Ev:%this1
[<<main-context>>, nil]	*typed_heap_alloc@_ZN13NumaAllocatorI8MyVectorLi3EE8allocateEm[%"class.std::exception"* %exception][0].?/0	[</home/kidus/NUMATyping/clang-tool/cclyzer++/input/numaed_vector.bc>:_ZN13NumaAllocatorI8MyVectorLi3EE8allocateEm:15, [<<main-context>>, nil]]	</home/kidus/NUMATyping/clang-tool/cclyzer++/input/numaed_vector.bc>:_ZNSt9exceptionC2Ev:%this1
[</home/kidus/NUMATyping/clang-tool/cclyzer++/input/numaed_vector.bc>:_ZN13NumaAllocatorI8MyVectorLi3EE8allocateEm:15, [<<main-context>>, nil]]	*stack_alloc@_ZNSt9exceptionC2Ev[%"class.std::exception"** %this.addr]	[</home/kidus/NUMATyping/clang-tool/cclyzer++/input/numaed_vector.bc>:_ZN13NumaAllocatorI8MyVectorLi3EE8allocateEm:15, [<<main-context>>, nil]]	</home/kidus/NUMATyping/clang-tool/cclyzer++/input/numaed_vector.bc>:_ZNSt9exceptionC2Ev:%this.addr
[<<main-context>>, nil]	*heap_alloc@_ZN13NumaAllocatorI8MyVectorLi3EE8allocateEm[i8* %exception]	[</home/kidus/NUMATyping/clang-tool/cclyzer++/input/numaed_vector.bc>:_ZN13NumaAllocatorI8MyVectorLi3EE8allocateEm:15, [<<main-context>>, nil]]	</home/kidus/NUMATyping/clang-tool/cclyzer++/input/numaed_vector.bc>:_ZNSt9exceptionC2Ev:%this
[<<main-context>>, nil]	*heap_alloc@_ZN13NumaAllocatorI8MyVectorLi3EE8allocateEm[i8* %exception][0]	[</home/kidus/NUMATyping/clang-tool/cclyzer++/input/numaed_vector.bc>:_ZN13NumaAllocatorI8MyVectorLi3EE8allocateEm:15, [<<main-context>>, nil]]	</home/kidus/NUMATyping/clang-tool/cclyzer++/input/numaed_vector.bc>:_ZNSt9exceptionC2Ev:%this
[<<main-context>>, nil]	*typed_heap_alloc@_ZN13NumaAllocatorI8MyVectorLi3EE8allocateEm[%"class.std::bad_alloc"* %exception]	[</home/kidus/NUMATyping/clang-tool/cclyzer++/input/numaed_vector.bc>:_ZN13NumaAllocatorI8MyVectorLi3EE8allocateEm:15, [<<main-context>>, nil]]	</home/kidus/NUMATyping/clang-tool/cclyzer++/input/numaed_vector.bc>:_ZNSt9exceptionC2Ev:%this
[<<main-context>>, nil]	*typed_heap_alloc@_ZN13NumaAllocatorI8MyVectorLi3EE8allocateEm[%"class.std::bad_alloc"* %exception][0]	[</home/kidus/NUMATyping/clang-tool/cclyzer++/input/numaed_vector.bc>:_ZN13NumaAllocatorI8MyVectorLi3EE8allocateEm:15, [<<main-context>>, nil]]	</home/kidus/NUMATyping/clang-tool/cclyzer++/input/numaed_vector.bc>:_ZNSt9exceptionC2Ev:%this
[<<main-context>>, nil]	*typed_heap_alloc@_ZN13NumaAllocatorI8MyVectorLi3EE8allocateEm[%"class.std::bad_alloc"* %exception][0].?/0	[</home/kidus/NUMATyping/clang-tool/cclyzer++/input/numaed_vector.bc>:_ZN13NumaAllocatorI8MyVectorLi3EE8allocateEm:15, [<<main-context>>, nil]]	</home/kidus/NUMATyping/clang-tool/cclyzer++/input/numaed_vector.bc>:_ZNSt9exceptionC2Ev:%this
[<<main-context>>, nil]	*typed_heap_alloc@_ZN13NumaAllocatorI8MyVectorLi3EE8allocateEm[i32 (...)*** %exception]	[</home/kidus/NUMATyping/clang-tool/cclyzer++/input/numaed_vector.bc>:_ZN13NumaAllocatorI8MyVectorLi3EE8allocateEm:15, [<<main-context>>, nil]]	</home/kidus/NUMATyping/clang-tool/cclyzer++/input/numaed_vector.bc>:_ZNSt9exceptionC2Ev:%this
[<<main-context>>, nil]	*typed_heap_alloc@_ZN13NumaAllocatorI8MyVectorLi3EE8allocateEm[%"class.std::exception"* %exception]	[</home/kidus/NUMATyping/clang-tool/cclyzer++/input/numaed_vector.bc>:_ZN13NumaAllocatorI8MyVectorLi3EE8allocateEm:15, [<<main-context>>, nil]]	</home/kidus/NUMATyping/clang-tool/cclyzer++/input/numaed_vector.bc>:_ZNSt9exceptionC2Ev:%this
[<<main-context>>, nil]	*typed_heap_alloc@_ZN13NumaAllocatorI8MyVectorLi3EE8allocateEm[%"class.std::bad_alloc"* %exception][0].?/0.?/0	[</home/kidus/NUMATyping/clang-tool/cclyzer++/input/numaed_vector.bc>:_ZN13NumaAllocatorI8MyVectorLi3EE8allocateEm:15, [<<main-context>>, nil]]	</home/kidus/NUMATyping/clang-tool/cclyzer++/input/numaed_vector.bc>:_ZNSt9exceptionC2Ev:%this
[<<main-context>>, nil]	*typed_heap_alloc@_ZN13NumaAllocatorI8MyVectorLi3EE8allocateEm[i32 (...)*** %exception][0]	[</home/kidus/NUMATyping/clang-tool/cclyzer++/input/numaed_vector.bc>:_ZN13NumaAllocatorI8MyVectorLi3EE8allocateEm:15, [<<main-context>>, nil]]	</home/kidus/NUMATyping/clang-tool/cclyzer++/input/numaed_vector.bc>:_ZNSt9exceptionC2Ev:%this
[<<main-context>>, nil]	*typed_heap_alloc@_ZN13NumaAllocatorI8MyVectorLi3EE8allocateEm[%"class.std::exception"* %exception][0]	[</home/kidus/NUMATyping/clang-tool/cclyzer++/input/numaed_vector.bc>:_ZN13NumaAllocatorI8MyVectorLi3EE8allocateEm:15, [<<main-context>>, nil]]	</home/kidus/NUMATyping/clang-tool/cclyzer++/input/numaed_vector.bc>:_ZNSt9exceptionC2Ev:%this
[<<main-context>>, nil]	*typed_heap_alloc@_ZN13NumaAllocatorI8MyVectorLi3EE8allocateEm[%"class.std::exception"* %exception][0].?/0	[</home/kidus/NUMATyping/clang-tool/cclyzer++/input/numaed_vector.bc>:_ZN13NumaAllocatorI8MyVectorLi3EE8allocateEm:15, [<<main-context>>, nil]]	</home/kidus/NUMATyping/clang-tool/cclyzer++/input/numaed_vector.bc>:_ZNSt9exceptionC2Ev:%this
